﻿BPA Number,BPA Description,Supplier,Supplier Site,Start Date,End date,BPA Frequency
Z/SIFIW1/MASTER-1,CP FB SIENA FOODS LV W,SIENA FOODS LLC,MAIN,6/11/2023,6/17/2023,Weekly
Line Number,Item Number,Supplier Item,Item Description,UOM,Price,Agreement Qty
2,10000536,18520,"CHEESE, MOZZARELLA DI BUFALA 8/1LB/CS #71002B",CS,117.5,0
3,10000668,18357,"CHEESE, MOZZARELA CURD GRANDE 2/1OLB/CS GRANDE #18357",POUNDS - DRY WEIGHT,5.15,0
4,10000678,18920,"CHEESE, CRESCENZA STRACHIN 2/2.5#/CS BELGIOSO #18920",POUNDS - DRY WEIGHT,7.59,0
5,10000712,18902,"CHEESE, BOSCHETTO AL TARTUFO 1.5LB/AVG/PC",POUNDS - DRY WEIGHT,19.09,0
6,10000732,18948,"CHEESE, MANCHEGO TRIGUL 1 YEAR 2/6LB/CS",POUNDS - DRY WEIGHT,10.75,0
7,10000736,18902,"CHEESE, PECORINO W/TRUFFLE 1.3LB/AVG/CS",POUNDS - DRY WEIGHT,19.05,0
8,10000752,18990,"CHEESE, GRUYERE AUSTRIA 6LB/EA ALPS #323026",POUNDS - DRY WEIGHT,9.65,0
9,10000756,18897,"CHEESE, PARMIGIANO REGGIANO 24MOS AGED 20LB/WHL DIVA #350PAREG24DIV",POUNDS - DRY WEIGHT,12.25,0
11,10000789,18552,"CHEESE, BURRATA MOZZARELLA FRESCA 24/4OZ/CS",CS,72.55,0
12,10000806,18550,"CHEESE, BURRATA IL PAVONE DI STEFFANO 12/4OZ/CS #350BURGIOA",CS,35.65,0
14,10000913,11024,"BUTTER, ECHIRE DOUX 100/30GR/CS",CS,120.75,0
58,10066868,18546,"CHEESE, BURRATA IN WATER FRSH A&F 8/4/2OZ/TUB/CS FRESH ANGELO & FRANCO #74005T",CS,48.89,0
59,10066869,18545,"CHEESE, STRACCIATELLA ANGELA & FRANCO 8/1.8#/TUB FRESH ANGELO & FRANCO #74008",Tub,124.85,0
61,10000749,18842,"CHEESE, PARMESAN GRANA PADANO 20LB/WHL",POUNDS - DRY WEIGHT,7.48,0
62,10079326,18529,"CHEESE, BURRATA FRESH 4OZ ANGELO & FRANCO 8/1LB/CS #18529",CS,75.75,0
