BPA Number,BPA Description,Supplier,Supplier Site,Start Date,End date,BPA Frequency
DTSOCSW/MASTER-1,CP FB SOCIOS 2 DT W,SOCIOS HOLDINGS INC,MAIN,6/11/2023,6/17/2023,Weekly
Line Number,Item Number,Supplier Item,Item Description,UOM,Price,Agreement Qty
1,10002480,,"BACON, BITS 1/2"" COOKED PATRICK CUDAHY 2/5LB/CS #4320012593",CS,89,0
2,10004960,,"GELATIN, SHEET SILVER GELITA AG 1KG/BX",BX,46.75,0
3,10011943,,"BEEF, CORNED BRISKET NO ROLL CKD SLICED 4/3LB/CS MBG #120 FRESH COOKED 40% POINT CAP 60% 1ST CUT GAS FLUSHED UNITED MEAT & DELI #3662",POUNDS - DRY WEIGHT,6.19,0
4,10011987,,"BEEF, ROAST FLAT ROUND SHAVED 4/3LB/CS EW GROBBEL #3780",POUNDS - DRY WEIGHT,6.55,0
5,10012000,,"BEEF, MEATBALL ITALIAN COOKED FRZ 106/1.5OZ/CS FROZEN BEEF PORK FONTANINI #CM0077-82278",CS,65,0
6,10012006,,"BEEF, CORNED FLAT ROUND GROEBEL 2/14-15LB/AVG/CS #2217",POUNDS - DRY WEIGHT,5.85,0
7,10012068,,"PORK, BELLY FRESH LB",POUNDS - DRY WEIGHT,2.49,0
8,10012224,,"PORK, LEG BONES FEMUR CUT FROZEN 30LB/CS PREMIUM PORK SOCIOS #421301",POUNDS - DRY WEIGHT,1.39,0
9,10012249,,"VEAL, BONES KNUCKLE 50LB/CS",POUNDS - DRY WEIGHT,2.39,0
10,10012294,,"SAUSAGE, KIELBASA DEARBORN 10LB/CS",POUNDS - DRY WEIGHT,4.15,0
11,10012305,,"SAUSAGE, ITALIAN MILD 5-1 RAW FROZEN 10LB/CS RINALDI #00106",POUNDS - DRY WEIGHT,3.39,0
12,10012373,,"SAUSAGE, ITALIAN BULK FRZN 10LB/CS DEARBORN SAUSAGE # 7063",POUNDS - DRY WEIGHT,3.15,0
13,10012382,,"SALAMI, GENOA BEEF/PORK STICK UNCRD 2/6LB/AVG/CS ALL NATURAL UNCURED METRO DELI PATRICK CUDAHY #998893",POUNDS - DRY WEIGHT,5.59,0
14,10012492,,"HAM, COTTO ITALIAN OVEN ROASTED W/HERB 16LB/CS IMPORT LEONCINI #6607",POUNDS - DRY WEIGHT,4.19,0
15,10012500,,"BEEF, PASTRAMI FLAT RND SLCD USDA SELECT 12LB/CS FLAT ROUND SLICED COOKED 4PKG/CS GROBBEL'S #3777",POUNDS - DRY WEIGHT,6.55,0
16,10012530,,"CHICKEN, LEG QUARTERS SKIN ON FRESH 40LB/AVG/CS",POUNDS - DRY WEIGHT,0.75,0
17,10012602,,"CHICKEN, THIGH SLCD STIR FRY HALAL FRESH 40LB/CS BONELESS SKINLESS 1/4""THICK 2-3""LONG SLICED RAW NO-MARINADE SOCIOS HOLDINGS #680800",POUNDS - DRY WEIGHT,3.34,0
18,10012604,,"CHICKEN, THIGH SLICED 1/2""X2"" THIN RAW 40LB/CS FRESH SOCIOS #684511",POUNDS - DRY WEIGHT,3.24,0
19,10012628,,"CHICKEN, BREAST RANDOM BNLS SKNLS 40LB/AVG/CS",POUNDS - DRY WEIGHT,1.89,0
20,10012711,,"CHICKEN, THIGH SLICED STIR FRY RAW FRESH 40LB/CS BONELESS SKINLESS 1/4""THICK 2-3""LONG NO-MARINADE SOCIOS HOLDINGS #675900",POUNDS - DRY WEIGHT,3.24,0
21,10012743,,"TURKEY, BREAST W/ RIBS B/I S/ON RAW 4/10-12LB/CS MBG #P2012 FROZEN WHOLE BONE IN SKIN ON TURKEY VALLEY FARM #01012",POUNDS - DRY WEIGHT,4.45,0
22,10012774,,"TURKEY, PATTY SLIDER FRESH 80/2OZ/CS SOCIOS HOLDINGS #810800",POUNDS - DRY WEIGHT,4.59,0
23,10013176,,"PASTE, VANILLA FLAVOR MORONI 6/2.2LB/CS DREIDOPPLE #DRE220048",CS,852,0
24,10035466,,"BOX, CAKE 12""X12""X6"" 50/CS",Each,48.67,0
25,10035468,,"BOARD, CAKE 12"" SINGLE GOLD WALL 100/CS",CS,54,0
26,10035508,,"MOLD, BAKING 1-3/4""X1-7/16"" RND BRN MFN 2.52M/CS ROUND, BROWN, MUFFIN, 80/38, NOVA CART #DG9F08185",CS,218,0
27,10035509,,"MOLD, BAKING SMALL SQUARE CUBE 1.14M/CS NOVA CART #CEB25741",CS,168.84,0
28,10035529,,"BAG, PASTRY 21"" DISPOSABLE PLASTIC 100/CS #1715",CS,93,0
29,10035540,,"CAKE CIRCLE, 9"" WHITE NO WAX NON-CORRUGAT 100/CS CONSOLLIDATED CONVERTING #131090",CS,0,0
30,10035583,,"BOARD, CAKE 3.25"" GOLD 500/CS ENJAY #0454-314RTGB",CS,51.5,0
31,10036183,,"BAG, MERCHANDISE 7.5""X1""X7"" UNPRINTED 1M/CS AJM PACKAGING CORPORATION #MBGN107G1M",CS,48.75,0
32,10036281,,"BAG, PAPER COOKIE WINDOW 5""X1.5"" X7"" 1/500CT/CS BAGCRAFT # 300114",CS,55,0
33,10037144,,"DISH, CREME BRULEE 2.4""X1.2"" DISPOSABLE 750/CS QZINA SPECIALTY FOODS #113417",CS,69.75,0
34,10037757,,"STICK, CANDY APPLE 5-1/2""X15/64"" 500/PK 210552 PFEIL & HOLING",PK,68.95,0
35,10045651,,"CHICKEN, BREAST BNLS/SKNLS RANDOM HALAL 40LB/CS BONELESS SKINLESS FRESH SOCIOS HOLDINGS #602600",POUNDS - DRY WEIGHT,1.99,0
36,10045652,,"CHICKEN, THIGH BNLS/SKNLS RANDOM HALAL 40LB/CS BONELESS SKINLESS FRESH SOCIOS HOLDINGS #610700",POUNDS - DRY WEIGHT,2.14,0
37,10045656,,"CHICKEN, BREAST AIRLINE UNFRNCHD FRESH 60/8OZ/CS UNFRENCHED SKIN ON SOCIOS HOLDINGS #615700",POUNDS - DRY WEIGHT,7.39,0
38,10076255,,"BEEF, EYE ROUND CHOICE 8/7.5LB/AVG/CS MBG#171C",POUNDS - DRY WEIGHT,4.09,0
39,10076260,,"BEEF, LEG TENDONS BONELESS FROZEN 30LB/CS UNSLICED SOCIOS HOLDINGS #114801",POUNDS - DRY WEIGHT,5.69,0
40,10076261,,"BEEF, PECTORAL DICED 1X1 USDA CHOICE 40LB/CS CHUCK PECTORAL MEAT SOCIOS HOLDINGS #134220",POUNDS - DRY WEIGHT,6.99,0
41,10076968,,"BAG, WINDOW BAKERY WHITE 6""X2.75""X9.5"" 250CT/CS ULINE # S6909",CS,101.14,0
42,10076978,,"CONTAINER, TRAY RECT GOLD 5.91""X13.78"" 100CT/CS MEDORO D018003030",CS,128,0
43,10076979,,"CONTAINER, LID RECT GOLD 5.91""X13.78"" 50CT/CS MEDORO D018003030L",CS,66,0
44,10077014,,"CAKE CIRCLE, 9"" GOLD IMPERIAL 200CT/CS D11606671",CS,89,0
45,10079519,,"PORK, CHOP BONE IN CENTER CUT FRESH 100/6OZ/CS QUALITY MEATS #402600",LB,4.29,0
