BPA Number,BPA Description,Supplier,Supplier Site,Start Date,End date,BPA Frequency
DTASSAW1/MASTER-1,CP FB ATLAS 2 DT W,ATLAS WHOLESALE FOOD COMPANY,MAIN,01/01/2100,01/31/2100,Weekly
Line Number,Item Number,Supplier Item,Item Description,UOM,Price,Agreement Qty
1,10004478,40642,"SAUCE, SOY DISPENSER KIKKOMAN 12/5OZ/CS #00280",CS,26.45,0
2,10004598,40648,"SAUCE, SOY KIKKOMAN 4/1GAL/CS",CS,59.38,0
3,10004606,40652,"SAUCE, SOY LOW SODIUM DISP KIKKOMAN 12/5OZ/CS DISPENSER",CS,30.05,0
4,10004615,40643,"SAUCE, SOY LOW SODIUM KIKKOMAN 5GAL/TUB",Tub,59.85,0
5,10004647,40651,"SAUCE, OYSTER NO MSG GRN LABEL KIKKOMAN 6/5LB/CS GREEN #1562",CS,43.26,0
