BPA Number,BPA Description,Supplier,Supplier Site,Start Date,End date,BPA Frequency
NPSSPM1/MASTER-1,CP FB SIRNA & SON PRODUCE NP W,SIRNA AND SONS INC,MAIN,6/11/2023,6/17/2023,Weekly
Line Number,Item Number,Supplier Item,Item Description,UOM,Price,Agreement Qty
1,10000012,,"MILK, WHOLE HOMOGENIZED 4/1GAL/CS",CS,25.24,0
2,10000015,,"MILK, 2% HOMOGENIZED 4/1GAL/CS",CS,23.85,0
3,10000039,,"MILK, 2% PINT/EA",Each,1.75,0
4,10000124,,"MILK, BUTTERMILK 9/HFGL/CS",CS,35.42,0
5,10000145,,"MILK, CHOCOLATE PINT/EA",Each,1.86,0
7,10000950,,"EGG, LARGE 15DZ/CS",CS,25.52,0
10,10004866,,"BASE, LOBSTER NO MSG MINORS 6/1LB/CS #210-06",CS,125.47,0
12,10004904,,"BASE, NESTLE BEEF MINORS GLUTEN FREE 6/1LB/CS NESTLE USA INC #074826383067USL",CS,73.18,0
13,10004906,,"BASE, CHICKEN STOUFFERS NO MSG 4/5LB/CS STOUFFER",CS,214.77,0
16,10007462,,"CAULIFLOWER, WHITE WHOLE 12CT/CS",CS,26.77,0
17,10008275,,"APPLE, GRANNY SMITH 88CT WA XFANCY 40LB/CS",CS,38.35,0
19,10008304,,"APPLE, HONEY CRISP NY 88CT 40LB/CS",CS,47.15,0
20,10008306,,"APPLE, FUJI 88 SIZE 6/CS MFG SIRNA &SONS PRODUCE #53010",CS,3.75,0
21,10008317,,"BANANA, FULLRIPE 40LB/CS",CS,21.49,0
23,10008325,,"BERRY, STRAWBERRY CLAMSHELL US #1 8LB/CS 8/1LB-4/2LB-2/4LB",CS,17.32,0
24,10008328,,"BERRY, BLACKBERRY US #1 12/6OZ/CS",CS,29.11,0
25,10008330,,"BERRY, RASPBERRY US #1 12/6OZ/CS",CS,33.44,0
26,10008349,,"BERRY, BLUEBERRY US #1 GCP 12/6OZ/CS #1108-CASE",CS,23.66,0
29,10008366,,"LEMON, CHOICE 165CT 40LB/CS",CS,35.14,0
30,10008366,,"LEMON, CHOICE 165CT 40LB/CS",CS,35.14,0
32,10008376,,"LIME, US #1 200CT 40LB/CS",CS,33.77,0
33,10008385,,"ORANGE, CHOICE 113CT US #1 40LB/CS VALENCIA/NAVEL",CS,32.27,0
34,10008392,,"LEMON, CHOICE 200CT 40LB/CS GET FRESH #1179",CS,34.09,0
35,10008404,,"LIME, FRESH SID WAINER 10LB 54CT/CS #5900",CS,11.94,0
36,10008407,,"LIME, 54CT/CS MFG SIRNA &SONS PRODUCE",CS,11.94,0
37,10008408,,"ORANGE, FRESH 6/CS MFG SIRNA &SONS PRODUCE",CS,3.08,0
38,10008417,,"GRAPE, RED SEEDLESS US #1 18LB/CS",LUG,81.51,0
40,10008423,,"MELON, CANTALOUPE 15CT US #1 40LB/CS",CS,34.15,0
41,10008426,,"MELON, HONEYDEW 8-10CT/CS",CS,27.74,0
42,10008432,,"MELON, WATERMELON SEEDLESS EA",Each,12.83,0
43,10008436,,"MELON, HONEYDEW 6CT/CS MCCARTNEY PRODUCE #03240",CS,30.3,0
45,10008454,,"PEAR, ASIAN 16CT/CS",CS,44.01,0
48,10008547,,"MANGO, FRESH 8-10CT/CS KEANY #13005",CS,16.93,0
49,10008549,,"PINEAPPLE, GOLDEN GCP 7CT/CS 1364-CASE",CS,15.23,0
51,10008586,,"AVOCADO, HAAS 48CT US #1 2 LAYER 25LB/CS",Flat,38.15,0
52,10008589,,"AVOCADO, HAAS 60CT RIPE US #1",CS,35.15,0
53,10008611,,"BEAN, GREEN FRESH CLEANED/TRIMMED ENDS 2/5LB",CS,20.42,0
54,10008644,,"BEAN, GREEN HARICOTE VERDE 10PKG/2LB/CASE MFG SIRNA & SONS PRODUCE #15077",CS,38.92,0
55,10008652,,"CABBAGE, GREEN 50LB/CS",CS,27.34,0
56,10008671,,"CUCUMBER, SELECT 24CT/CS",CS,15.43,0
57,10008674,,"CUCUMBER, ENGLISH #1 12CT/CS",CS,12.88,0
58,10008706,,"EGGPLANT, 18CT/CS SID WAINER #21000",CS,29.3,0
60,10008823,,"LETTUCE, GREEN LEAF 24CT US #1 25LB/CS",CS,28.85,0
61,10008827,,"LETTUCE, ROMAINE HEARTS 48/CS",CS,28.43,0
62,10008854,,"LETTUCE, ICEBERG 1X1 CHOPPED PLAIN 4/5LB/CS DEL BENE #11056",CS,19.2,0
64,10008861,,"LETTUCE, GREEN MICRO LOCAL CHEF'S BLEND 8OZ/EA MFG SIRNA &SONS PRODUCE",Each,25.26,0
65,10008896,,"MUSHROOM, WHITE MEDIUM US #1 10LB/FLAT",Flat,23.39,0
66,10008901,,"MUSHROOM, PORTABELLA CAPS 3LB/CS",CS,19.2,0
67,10008903,,"MUSHROOM, PORTABELLA 5LB/CS 4.5-5 IN DIAM",CS,16.25,0
68,10008955,,"MUSHROOM, BUTTON 10LB/CS",CS,27.4,0
69,10008966,,"MUSHROOM, OYSTER 3LB/CS",CS,21.35,0
70,10008968,,"MUSHROOM, SHIITAKE #1 3LB/CS",CS,25.78,0
71,10008984,,"LEEK, US #1 12BNCH/CS",CS,34.39,0
73,10008996,,"ONION, RED JUMBO US #1 25LB/CS",CS,17.32,0
74,10008999,,"ONION, SPANISH 50LB/BAG",BG,23.54,0
75,10009006,,"SHALLOT, CLEANED 5LB/JAR",Jar,16.17,0
76,10009012,,"ONION, YELLOW JUMBO 50LB/BAG",BG,23.54,0
77,10009020,,"ONION, GREEN ICELESS GCP 4/2LB/CS 2375-CASE",CS,17.65,0
78,10009028,,"ONION, SUPER COLLOSAL 50LB/CS MFG SIRNA & SONS PRODUCE",CS,28.75,0
79,10009029,,"LETTUCE, ICEBURG BABY 48CT/CS MFG SIRNA & SONS PRODUCE",CS,38.34,0
80,10009041,,"PEPPER, JALAPENO GREEN 10LB/CS GETFRESH #1125",CS,19.05,0
81,10009052,,"PEPPER, BELL RED LARGE US #1 25LB/CS",CS,30.97,0
82,10009054,,"PEPPER, BELL GREEN MEDIUM 85-90CT 22LB/AVG/CS",CS,22.11,0
83,10009063,,"PEPPER, JALAPENO GREEN LB",POUNDS - DRY WEIGHT,1.32,0
86,10009113,,"POTATO, FINGERLING BUTTER US #1 50LB/CS",CS,76.3,0
88,10009118,,"POTATO, YUKON GOLD GRADE A SELECT 50LB/CS",CS,38.8,0
90,10009127,,"POTATO, SWEET US #1 40LB/CS",CS,25.83,0
91,10009136,,"POTATO, IDAHO 40CT/CS HAND-GRADED 18OZ-22OZ",CS,41.28,0
93,10009158,,"POTATO, MARBLE ASSORTED CAPITOL 10LB/CS CAPITOL CITY PRODUCE #01413",CS,32.25,0
94,10009166,,"POTATO, IDAHO 80CT/CASE MFG SIRNA & SONS PRODUCE",CS,36.07,0
96,10009239,,"SQUASH, PATTY PAN LA SPECIALTY 5LB/CS #40660",CS,31.3,0
97,10009243,,"SQUASH, YELLOW STRAIGHT MEDIUM LA SPECIALTY 5LB #92377",CS,5.88,0
98,10009254,,"SQUASH, ZUCCHINI GREEN FANCY 18LB/CS KEANY #22010",CS,17.51,0
99,10009260,,"SQUASH, GREEN ZUCCHINI GET FRESH 5LB/CS #8715",CS,5.35,0
100,10009273,,"TOMATO, ROMA MEDIUM SIZE 25LB/CS GF# 2119",Flat,19.25,0
101,10009280,,"TOMATO, BULK LOOSE LARGE US #1 25LB/CS",CS,20.76,0
102,10009282,,"TOMATO, 4X5 VINE RIPE 2 LAYER US #1 20LB/CS",CS,22.84,0
103,10009283,,"TOMATO, 5X6 GREEN 2 LAYER US #1 20LB/CS",CS,30.3,0
105,10009312,,"TOMATO, GRAPE RED 12/10.5OZ/CS",CS,16.67,0
106,10009314,,"TOMATO, LAYER 4X4 20LB/CS MFG SIRNA & SONS PRODUCE",CS,22.84,0
107,10009364,,"ASPARAGUS, JUMBO US #1 11LB/CS",CS,40.15,0
108,10009366,,"BEET, GOLD 20-25LB AVG/CS",CS,58.05,0
109,10009367,,"BEET, RED FRESH 25LB/BAG",BG,29.3,0
110,10009371,,"BROCCOLINI, US #1 18CT 20LB/CS",CS,31.73,0
111,10009372,,"CARROT, JUMBO 25LB/BAG",BG,18,0
112,10009388,,"TURNIP, 25LB/BAG",BG,29.3,0
113,10009395,,"ASPARAGUS, MEDIUM/STANDARD US #1 11LB/CS",CS,26.05,0
114,10009416,,"ASPARAGUS, LARGE US #1 11LB/CS",CS,26.57,0
115,10009420,,"CORN, YELLOW SWEET US #1 48CT 50LB/CS",CS,30.47,0
116,10009542,,"SPINACH, BABY 4/2.5LB/CASE MFG SIRNA & SONS PRODUCE",CS,21.1,0
118,10009572,,"BOK CHOY, BABY 10LB/CS",CS,29.67,0
119,10009598,,"BOK CHOY, BABY LB",POUNDS - DRY WEIGHT,3.99,0
120,10009630,,"SQUASH, BABY SUNBURST YELLOW 5LB/CS",CS,30.96,0
121,10009842,,"PARSLEY, ITALIAN 30CT/CS",CS,27.39,0
122,10009847,,"GARLIC, PEELED #1 4/5LB/CS",CS,59.96,0
123,10009857,,"CHIVES, FRESH US #1 1LB/BAG",BG,13.59,0
124,10009871,,"ROSEMARY, FRESH 1LB/BAG",BG,8.07,0
125,10009876,,"BASIL, FRESH US #1 1LB/BAG",BG,7.81,0
126,10009881,,"DILL, FRESH 1LB/BAG #D1",BG,12.4,0
127,10009883,,"MINT, FRESH 1LB/BAG",BG,8.02,0
128,10009884,,"OREGANO, FRESH 1LB/BAG",BG,8.8,0
129,10009885,,"SAGE, FRESH 1LB/BAG",BG,13.05,0
130,10009886,,"TARRAGON, FRESH 1LB/BAG #T1",BG,16.05,0
131,10009887,,"THYME, FRESH 1LB/BAG",BG,12.3,0
132,10009890,,"GINGER ROOT, FRESH 1LB/CS",POUNDS - DRY WEIGHT,3.21,0
133,10009945,,"ARUGALA, BABY 2/2LB/CS",CS,14.25,0
136,10009982,,"ANISE, FENNEL 24CT/CS",CS,28.53,0
137,10009988,,"HERB, ROSEMARY 4OZ/PK",PK,3.02,0
140,10010008,,"HERB, CILANTRO FRESH 12/CS MFG SIRNA &SONS PRODUCE",CS,14.25,0
141,10010009,,"HERB, MINT FRESH 4OZ/CS MFG SIRNA &SONS PRODUCE",CS,2.84,0
142,10010010,,"PARSLEY, CURLEY 3EA/BAG MFG SIRNA &SONS PRODUCE",BG,2.55,0
146,10010136,,"BRUSSEL SPROUTS, CLEANED FRESH 25LB/CS",CS,35.42,0
147,10010138,,"LETTUCE, ICEBERG CLEANED/TRIMMED 24-28CT 30LB",CS,26.29,0
148,10010140,,"LETTUCE, ICEBERG 24CT 25LB/CS",CT,29.72,0
149,10010158,,"SPROUT, BEAN CLEANED 5LB/BAG",BG,13.18,0
150,10010160,,"BROCCOLI, CROWN US #1 20LB/CS",CS,25.06,0
151,10010174,,"ONION, PEARL WHOLE PEELED 5LB/CS",CS,31.4,0
152,10010176,,"LETTUCE, ROMAINE CHOPPED 6/2LB/BAG",CS,20.49,0
153,10010192,,"BROCCOLI, FLORETTES 6/3LB/CS",CS,28.73,0
154,10010201,,"MUSHROOM, SLICED 1/4"" 10LB/CS",CS,23.13,0
155,10010215,,"CARROT, CUT JULIENNE 1/8"" FRESH 4/5LB/CS",POUNDS - DRY WEIGHT,1.033,0
156,10010244,,"RADISH, SLICED 5LB/BAG",BG,22.8,0
157,10010245,,"COLESLAW, MIX SHREDDED MEDIUM W/COLOR 4/5LB/CS",CS,18.82,0
158,10010280,,"BRUSSEL SPROUTS, CLEANED HALVED HC 4/5LB/CS HAND CUT GET FRESH #2846",CS,38.01,0
159,10010362,,"CARROT, BABY PEELED RAINBOW MIX 5LB/CS",CS,15.09,0
160,10010397,,"LETTUCE, SPRING MIX 3LB/CS",CS,9.05,0
161,10010399,,"LETTUCE, GREEN LEAF FILET 10LB/CS MCCARTNEY PRODUCE #03972",CS,23.9,0
162,10010400,,"ONION, YELLOW DICED 1/4"" 2/5LB/CS MCCARTNEY PRODUCE #03814",CS,14.31,0
163,10010416,,"CABBAGE, RED SHREDDED 4/5LB/CS",CS,28.4,0
164,10010460,,"LETTUCE, SPRING MIX NATURAL SELECTION 5/3LB/CS",POUNDS - DRY WEIGHT,2.22,0
165,10010472,,"PEPPER, BELL GREEN CHOPPER DICED 1/4"" 2/5LB/CS",POUNDS - DRY WEIGHT,3.984,0
166,10010489,,"CAULIFLOWER, FLORETTES 4/3LB/CS",CS,29.07,0
168,10010553,,"CARROT, STICKS 4"" HAND CUT GET FRESH 4/5LB/CS #2144",CS,29.46,0
169,10010629,,"CELERY, STICKS 1/2""X 3 1/2"" HC GF 4/5LB/CS HAND CUT GET FRESH #4915",CS,36.89,0
170,10010657,,"LETTUCE, SHREDDED 1/8"" 4/5LB/CS PEAK #880488",CS,18.41,0
171,10010674,,"CARROT, BABY PEELED 1"" TOP BELAIR 5LB/BAG #1402",BG,13.01,0
176,10010701,,"PEPPER, RED FRESH DICED 1/4"" FRESH 2/5LB/CS ***2-DAY LEAD TIME*** MFG SIRNA & SONS PRODUCE #61156",CS,44.01,0
179,10010705,,"BROCCOLI, FLORETS MINI 4/3LB/CS MFG SIRNA &SONS PRODUCE #15782",CS,25.27,0
181,10010707,,"POTATO, RED SKIN 1/4 CUT 25LB BUCKET MFG SIRNA &SONS PRODUCE",Bucket,53.39,0
182,10010724,,"PEPPER, BELL GREEN JULIENNE 1/4"" 2/5LB BAG/CS SIRNA 22006 SIRNA & SONS PRODUCE",CS,45.05,0
183,10010728,,"ONION, YELLOW JULIENNE 1/4"" 4/5LB/CS SIRNA #61114",CS,26.57,0
184,10010730,,"CARROT, BABY WHOLE PEELED 30/1LB/CS SIRNA AND SONS #15047",CS,27.9,0
185,10015680,,"DRINK, APPLE CIDER 4/1GAL/CS",CS,29.43,0
186,10009615,,"ENDIVE, BELGIAN BABY 10LB/CS",CS,26.79,0
187,10010498,,"PEAS, SUGAR SNAP CLEANED/SNIPPED 10LB/CS",CS,30.34,0
188,10009272,,"TOMATO, HEIRLOOM US #1 10LB/CS",CS,22.43,0
189,10009837,,"GARLIC, WHOLE LB",POUNDS - DRY WEIGHT,2.28,0
190,10009375,,"CELERY, US#1 24CT 60LB/CS",CS,46.22,0
191,10008330,,"BERRY, RASPBERRY US #1 12/6OZ/CS",CS,33.44,0
192,10079494,,"TOMATO, 5X5 RED 2 LAYER 20LB/CS",CS,20.76,0
193,10081263,,"CREAMER, HALF & HALF PC 400/3/8OZ/CS",CS,19.9,0
