BPA Number,BPA Description,Supplier,Supplier Site,Start Date,End date,BPA Frequency
Z/TRTLW1/MASTER-1,CP FB TORTILLAS INC LV W,TORTILLAS INC,MAIN,6/11/2023,6/17/2023,Weekly
Line Number,Item Number,Supplier Item,Item Description,UOM,Price,Agreement Qty
1,10000512,,"CHEESE, MEXICAN BLEND FEATHER LOS ARCOS 4/5LB/CS #50014",POUNDS - DRY WEIGHT,2.73,0
3,10000594,,"CHEESE, OAXACA/JACK SHREDDED LAKEVIEW 6/5LB/CS 50/50 BLEND FRESH #606376",CS,78.2,0
10,10003644,,"SPICE, FAJITA & TACO SEASONING RED 5LB/EA TI FOODS #90030",Each,0,0
28,10006132,,"GUACAMOLE, NO PULP FRESH GVF 1GAL/BAG GARDEN VALLEY FOODS #85974",BG,8.5,0
30,10006152,,"SALSA, AJI PANCA RED PERU 12/8OZ/CS AMAZONAS IMPORT #41331031691",CS,0,0
37,10006579,,"TORTILLA, CORN WHITE NON-GMO 4.5"" 20/60CT/CS LOS ARCOS #10011",CS,0,0
