BPA Number,BPA Description,Supplier,Supplier Site,Start Date,End date,BPA Frequency
DTATLAW/MASTER-1,CP FB ATLAS DT W,ATLAS WHOLESALE FOOD COMPANY,MAIN,6/11/2023,6/17/2023,Weekly
Line Number,Item Number,Supplier Item,Item Description,UOM,Price,Agreement Qty
1,10015693,13352,"JUICE, PINEAPPLE DOLE 48/6OZ/CS #914",CS,30.8,0
2,10000015,63412,"MILK, 2% HOMOGENIZED 4/1GAL/CS",CS,16.07,0
3,10002056,13340,"PINEAPPLE, SLICED DOLE 6/#10/CS DOLE-255",CS,68.85,0
4,10015674,13550,"JUICE, PINEAPPLE DOLE 12/46OZ/CS #808",CS,41.95,0
5,10008121,71148,"BAGEL, PLAIN PARBAKED UNSLICED 72/4OZ/CS HILL TOP HEARTH #829144",CS,40.71,0
6,10008122,70088,"BREAD, CORNBREAD SARA LEE 4/4LB/CS #8281",CS,51.91,0
7,10012415,70946,"GYRO, BEEF/LAMB SLICES GRECIAN DELIGHT 10LB/CS #065",CS,52.75,0
8,10012772,71663,"TURKEY, MEATBALL FULLY COOKED FROZEN 320/.5OZ/CS BUTTERBALL #2265582907",CS,37.22,0
9,10011941,74028,"BEEF, MEATBALL ITALIAN WEDDING .11OZ CKD 10LB/CS COOKED FROZEN ROSINA #40049",CS,54.05,0
10,10045690,70833,"PIE, PEANUT BUTTER SILK FROZEN 8/29OZ/CS ACHATZ HANDMADE PIE CO",CS,72.44,0
11,10045691,70827,"PIE, MICHIGAN 4 BERRY CRUMB FROZEN 8/40OZ/CS ACHATZ HANDMADE PIE CO",CS,57.8,0
12,10045692,70829,"PIE, PECAN THAW AND SELL FROZEN 8/35OZ/CS ACHATZ HANDMADE PIE CO",CS,72.44,0
13,10012657,61782,"CHICKEN, WING BNLS BREADED RAW FROZEN 2/5LB/CS BONELESS KOCH FOODS #87196",CS,53.72,0
14,10007337,70293,"BERRY, BLUEBERRY IQF SMALL 30LB/CS INDIVIDUAL QUICK FROZEN",CS,59.6,0
15,10000110,63423,"MILK, CHOCOLATE 1% 5GAL/BOX",BX,17.74,0
16,10000121,66324,"MILK, CHOCOLATE WHOLE PLASTIC DT 12PT/CS",CS,23.3,0
18,10000134,63408,"MILK, BUTTERMILK 2% 9/HFGL/CS",CS,20.54,0
19,10000665,60696,"CHEESE, AMERICAN YELLOW HILLDALE SLICED 6/5LB/CS LAND O LAKES # 46021",CS,127.25,0
20,10000160,63470,"CREAM, HALF & HALF 5% FAT PRAIRIE FARMS 5GAL BOX EXTENDED SHELF LIFE FRESH MFG #24122",BX,52.95,0
23,10002392,15717,"BEAN, REFRIED MILD 6/#10/CS",CS,60.74,0
24,10066870,62677,"CHEESE, PARMESAN SHR CUCINA ANDOLINA 2/5LB/CS #044028",POUNDS - DRY WEIGHT,45.32,0
25,10000887,61009,"BUTTER, UNSALTED 36/1LB/CS",POUNDS - DRY WEIGHT,114.79,0
26,10000896,61003,"BUTTER, CONTINENTAL FOIL AA 47CT 4/4.25LB/CS CONTINENTAL SALTED",CS,71.47,0
27,10000897,61004,"BUTTER, CLARIFIED 40LB/CS",POUNDS - DRY WEIGHT,194.25,0
29,10000917,61241,"BUTTER, PC CUP WHIPPED SALTED 400/8GR/CS GRASSLAND #7050",CS,36.3,0
30,10000955,61503,"EGG, AA EXTRA LARGE 15DZ/CS",CS,16.14,0
31,10002588,31167,"NUT, CASHEW RAW UNSALTED 25LB/CS",CS,190.25,0
37,10002825,40070,"MAYONNAISE, EGG YOLK HEAVY DUTY VENTURA 30LB/TUB #77048-VEN",Tub,48.49,0
38,10000012,63404,"MILK, WHOLE HOMOGENIZED 4/1GAL/CS",CS,17.54,0
39,10000016,63402,"MILK, WHOLE HOMOGENIZED DISPENSER 5GAL/BAG",BG,31.55,0
40,10000017,63415,"MILK, 2% HOMOGENIZED DISPENSER 5GAL/BAG",BG,25.4,0
41,10000052,63413,"MILK, WHOLE UHT 12/14OZ/CS PRAIRIE FARMS # 01-201",CS,17.32,0
42,10000053,63407,"MILK, 2% REDUCED FAT UHT 12/14OZ/CS PRAIRIE FARMS # 01-202",CS,17.32,0
43,10000059,63480,"CREAM, HEAVY WHIPPING 36% FAT 9/HFGL/CS PRAIRIE FARMS #1559",CS,55.96,0
44,10000062,63435,"CREAM, SOUR CULTURED ALL NATURAL DAISY 4/5LB/CS #IDA5",CS,40.1,0
45,10000088,62531,"CREAM, HEAVY WHIPPING 40% FAT 12/1QT/CS",CS,55.48,0
46,10000112,66417,"MILK, ALMOND ORIGINAL SILK 6/64OZ/CS #101601",CS,14.75,0
47,10000444,62611,"CHEESE, AMERICAN SWISS SLC 120CT 4/5LB/CS SLICE",POUNDS - DRY WEIGHT,48.93,0
48,10000460,61120,"CHEESE, CHEDDAR WHITE MED FARM COUNTRY 2/5LB/CS MEDIUM FARM COUNTRY #0606216",POUNDS - DRY WEIGHT,3.11,0
49,10000467,62721,"CHEESE, SWISS SHRD 4/5LB/CS SHREDDED",CS,56.74,0
50,10000490,61116,"CHEESE, SWISS LOAF DOMESTIC C GRADE 2/8LB/AVG/CS",POUNDS - DRY WEIGHT,3.3,0
51,10000491,,"CHEESE, MOZZARELLA BLOCK SORENTO 8/5LB/CS WHOLE MILK",CS,0,0
52,10000503,61088,"CHEESE, FETA 2/8LB/CS",POUNDS - DRY WEIGHT,43.38,0
53,10000506,62603,"CHEESE, CHEDDAR MILD SHREDDED FEATHER 4/5LB/CS GLENVIEW FARMS #073571",POUNDS - DRY WEIGHT,49.28,0
54,10000507,,"CHEESE, MOZZARELLA BALL 12/8OZ/CS POLLIO",CS,0,0
55,10004502,42911,"SAUCE, WORCESTERSHIRE 4/1GAL/CS",CS,49.77,0
57,10004508,40114,"SAUCE, TARTAR 4/1GAL/CS",CS,70.2,0
62,10012159,62009,"HAM, BNLS VIRGINIA WATER ADDED FC FRSH 2/14LB/CS FRESH BONELESS FULLY COOKED WHOLE MUSCLE LOOK SILVER SMITHFIELD #70800028262",POUNDS - DRY WEIGHT,2.87,0
63,10000509,60120,"CHEESE, CHEDDAR MILD BLOCK GLENVIEW FARMS 10LB/C #5880836",CS,2.92,0
64,10000510,62621,"CHEESE, AMERICAN SHARP 120SLC 4/5LB/CS",POUNDS - DRY WEIGHT,59.45,0
65,10000648,60190,"CHEESE, BRICK SHREEDED BELMONT 20LB/CS A&M CHEESE #40212",CS,50.63,0
66,10001399,31573,"SNACK, BAR KIND ASSORTED 18/1.4OZ/CS #KINDBARVAR",CS,118.1,0
67,10001618,32620,"JERKY, JACK L ORIGINAL BEEF STEAK 48/.9OZ/CS JACK LINKS 10000008264",CS,70.45,0
68,10002112,41348,"CHEERY, MARASCHINO LARGE W/STEM 4/1GAL/CS",CS,75.09,0
69,10002403,10844,"BEAN, CHILI BUSH BEANS #1696 6/#10/CS",CS,37.61,0
70,10002411,10840,"BEAN, BAKED VEGETARIAN BUSH 6/#10/CS #01637",CS,51.09,0
71,10002476,70848,"CHILI, NATIONAL CHILI CO #1 12/5#TUB/CS",CS,172.83,0
72,10004220,32200,"PASTA, LINGUINE BARILLA 2/10LB/CS #1000354013",CS,37,0
73,10004285,32266,"PASTA, TROTTOLE BULK AMERCAN IT PASTA 2/10LB/CS #573933",CS,28.38,0
74,10004509,12724,"SAUCE, CHEESE CHEDDAR SHARP CHEFMATE 6/#10/CS #5038",CS,147.35,0
75,10004671,40085,"SAUCE, NCI HANI SAUCE 4/1GAL/CS LITEHOUSE #13212",CS,69.25,0
76,10007339,70278,"BERRY, STRAWBERRY SLICED 4+1 FROZEN 6/6.5LB/CS CH BELT/WATTS BROTHERS #58102",CS,62.47,0
77,10007378,71098,"VEGETABLE, PEAS/CARROT FRZN WORLDS FINEST 20LB/C FROZEN CH BELT/WATTS BROTHERS #13112",CS,24.75,0
78,10007713,70777,"EGG ROLL, VEGETABLE MINI 72/3OZ/CS #69039",CS,57.95,0
79,10010967,74250,"FISH, COD BATTERED PUB STYLE FROZEN 3OZ 10LB/CS FILLET HIGHLINER FOODS #10021783",CS,91.36,0
80,10012426,62135,"BEEF, HOT DOG 8/1 NATURAL CASING 6"" NCI 2/5LB/CS NATIONAL CONEY ISLAND FRESH BUTCHER BOY #17801",CS,42.82,0
81,10014114,60507,"BREAD, PITA GRECIAN DELIGHT 7"" FROZEN 12/10CT/CS #1030",CS,35.15,0
82,10036930,50535,"CUP, 16OZ FOAM SOUP NCI LOGO 500CT/CS NATIONAL CONEY ISLAND DART 16MJ20-79062",CS,46.94,0
83,10005579,30983,"MIX, PANCAKE SWEET W/BELTS POPCAKE 15/1.75LB/CS INCLUDES TEFLON BELT SET #315B",CS,139.75,0
84,10081262,63401,"CREAMER, HALF & HALF NO CHL ASEPTIC 360/3/8OZ/CS CHILL FAIR MEADOW #19494",CS,19.51,0
86,10006550,30267,"TORTILLA, FLOUR 12"" PRESSED MISSION 8/12CT/CS #10430",CS,32.02,0
87,10006551,30266,"TORTILLA, FLOUR 6"" PRESSED MISSION 24/12CT/CS #10400",CS,29.67,0
88,10045382,71055,"TORTILLA, FLOUR 5"" LAMICHOACANA 10/60CT/CS # CHI001",CS,76.7,0
89,10006689,40150,"OIL, OLIVE EXTRA VIRGIN BLEND 75/25 6/1/GAL/CS",CS,71.99,0
90,10007179,70050,"CAKE, CARROT SHEET SARA LEE 4/96OZ/CS #8246 12"" X 16""",CS,115.45,0
92,10012112,70658,"BACON, CHERRY SMOKED 14-16 JONES DAIRY 15LB/CS #033600",POUNDS - DRY WEIGHT,74.84,0
93,10012292,72529,"SAUSAGE, LINK CHICKEN SEASONED 1.4OZ 10LB/CS PRE-COOKED JONES DAIRY FARM #018501",CS,41.37,0
94,10012297,72528,"SAUSAGE, LINK PORK SEASONED 1.6OZ 10LB/CS COOKED JONES DAIRY FARM #018500",CS,38.36,0
96,10013639,70073,"ENGLISH MUFFIN, PLAIN 3.7OZ WOLFERMANS 12PK/6/CS #WLF011740",CS,33.45,0
97,10013648,70934,"ENGLISH MUFFIN, 3.5"" THOMAS 6/12/CS WB #48901",CS,24.3,0
103,10015393,41885,"SODA, VENORS ORIGINAL FLAVOR 24/20OZ/CS PLASTIC BOTTLE",CS,29.25,0
104,10015394,41887,"SODA, VENORS DIET ORIGINAL FLAVOR 24/20OZ/CS PLASTIC BOTTLE",CS,29.25,0
110,10015723,12032,"JUICE, GRAPEFRUIT 100% OCEAN SPRAY 12/QT/CS #25900",CS,52.8,0
111,10015760,13435,"JUICE, ORANGE OCEAN SPRAY 12/QT/CS #25901",CS,41.02,0
112,10079382,63423,"MILK, CHOCOLATE 1% 4/1GAL/CS",GALLONS,17.74,0
