BPA Number,BPA Description,Supplier,Supplier Site,Start Date,End date,BPA Frequency
DTNORTW1/MASTER-1,CP FB NORTHERN LAKES SF DT W,NORTHERN LAKES SEAFOOD & MEATS LLC,MAIN,6/12/2023,6/18/2023,Weekly
Line Number,Item Number,Supplier Item,Item Description,UOM,Price,Agreement Qty
1,10002428,,"CLAM, CHOPPED SEA CLEARWATER 12/51OZ/CS",CS,135,0
2,10007973,,"APPETIZER, CHICKEN POTSTICKER 150/.7OZ/CS KABOB# 46450224",CS,130,0
3,10007974,,"APPETIZER, CASHEW CHICKEN SPRINROL 200/1.15OZ/CS SPRINGROLL KABOB# 46140800",CS,202,0
4,10007975,,"APPETIZER, CRAB CAKES 200/.75OZ/CS KABOB# 46420250",CS,222,0
5,10007976,,"APPETIZER, QUICHE MINI ASSORTED 200CT/1OZ/CS KABOB# 46430300",CS,146,0
6,10010868,,"FISH, SALMON ATLANTIC FILLET PBO 3-4LB/EA PIN BONE OUT",POUNDS - DRY WEIGHT,8.95,0
8,10010918,,"FISH, SALMON FAROE FILLET 3-4LB SKNLS 10LB/CS SKINLESS FRESH PACKER #FAROE",POUNDS - DRY WEIGHT,12.95,0
10,10011029,,"FISH, CATFISH FILLET 3-5OZ AMERICA'S 15LB AVG/CS CATCH/HARBOR BANKS",POUNDS - DRY WEIGHT,5.75,0
12,10011108,,"CRAB, KING RED MERUS WHOLE 2-4 10LB/CS",POUNDS - DRY WEIGHT,56.95,0
13,10011154,,"LOBSTER, TAIL 8-10OZ CANADIAN FROZEN 10LB/CS COLD WATER",POUNDS - DRY WEIGHT,33.95,0
15,10011267,,"MUSSEL, PEI FRESH LB",POUNDS - DRY WEIGHT,3.2,0
16,10011281,,"MUSSEL, BLACK MEDIUM FRESH 10LB/BU",POUNDS - DRY WEIGHT,32,0
17,10011386,,"SQUID, RINGS & TENTACLES TOWN DOCK 25LB/CS #10705530",CS,187.5,0
19,10011406,,"CRAYFISH, MEAT TAIL 150-200CT 24LB AVG/CS",POUNDS - DRY WEIGHT,10.95,0
21,10012282,,"SAUSAGE, CHORIZO BULK 10LB/CS",POUNDS - DRY WEIGHT,4.25,0
22,10012321,,"SAUSAGE, ANDOUILLE CAJUN 10LB/CS",POUNDS - DRY WEIGHT,4.4,0
23,10012523,,"CHICKEN, BONES/BACKS 40LB/AVG/CS",POUNDS - DRY WEIGHT,0.85,0
24,10012525,,"CHICKEN, BONES FRESH BREAST 40LB/AVG/CS",POUNDS - DRY WEIGHT,0.89,0
25,10012611,,"CHICKEN, FEET JUMBO 40LB/AVG/CS",POUNDS - DRY WEIGHT,2.99,0
29,10011094,,"CRAB, MEAT JUMBO LUMP PASTEURIZED SC 12/1LB/CS BLUE SWIMMING CRAB SUPREME CHOICE #902765",POUNDS - DRY WEIGHT,24.95,0
30,10010991,,"FISH, ORANGE ROUGHY 22LB/CS",LB,9.25,0
