BPA Number,BPA Description,Supplier,Supplier Site,Start Date,End date,BPA Frequency
BRGCPROD/MASTER-1,SS FB GULF COAST PROD BR W,GULF COAST PRODUCE,MAIN,6/11/2023,6/11/2023,Weekly
Line Number,Item Number,Supplier Item,Item Description,UOM,Price,Agreement Qty
2,10008288,,"APPLE, HONEYCRISP NY 40LB/CS",CS,58.07,0
3,10008307,,"APPLE, RED DELICIOUS 125CT FANCY 40LB/CS",CS,38.65,0
7,10008328,,"BERRY, BLACKBERRY US #1 12/6OZ/CS",CS,21.07,0
8,10008330,,"BERRY, RASPBERRY US #1 12/6OZ/CS",CS,25.76,0
9,10008334,,"BERRY, STRAWBERRY US #1 8/1LB/CS DRISCOLL",CS,42.19,0
12,10008357,,"KUMQUAT, 10LB/CS",CS,79.69,0
13,10008366,,"LEMON, CHOICE 165CT 40LB/CS",CS,32.68,0
14,10008385,,"ORANGE, CHOICE 113CT US #1 40LB/CS VALENCIA/NAVEL",CS,29.29,0
15,10008387,,"LEMON, CHOICE 140CT 40LB/CS #1047",CS,31.64,0
17,10008400,,"LIME, US #1 200CT GCP 40LB/CS 1270-CASE",CS,30.85,0
18,10008417,,"GRAPE, RED SEEDLESS US #1 18LB/CS",LUG,70.31,0
21,10008437,,"MELON, CANTALOUPE 15CT US #1 GCP 40LB/CS 1144-CASE",CS,22.3,0
22,10008438,,"MELON, HONEYDEW GCP 6CT/CS 1192-CASE",CS,25.02,0
24,10008449,,"PEAR, BARTLETT #1 90CT/CS",CS,40.73,0
25,10008455,,"PEAR, ASIAN SHINKO FLAT",Flat,90,0
26,10008517,,"MANGO, FRESH HAND SORT 9-12CT/CS READY TO EAT",CS,16.15,0
27,10008549,,"PINEAPPLE, GOLDEN GCP 7CT/CS 1364-CASE",CS,13.9,0
28,10008552,,"PINEAPPLE, CROWNLESS GCP 10CT/CS GULF COAST PRODUCE #4306",CS,15.46,0
29,10008572,,"AVOCADO, HAAS GP GCP RIPE US #2 60CT/CS 2030-CASE",CS,33.75,0
31,10008646,,"PEAS, SHOOTS TENDRILL 16OZ/EA",Each,26.56,0
34,10008652,,"CABBAGE, GREEN 50LB/CS",CS,24.97,0
35,10008672,,"CUCUMBER, EXTRA FANCY 40LB/CS",CS,17.67,0
36,10008679,,"CUCUMBER, ENGLISH #1 GCP 12CT/CS 2175-CASE",CS,21.35,0
37,10008692,,"EGGPLANT, ITALIAN 18CT US #1 25LB/CS",CS,19.46,0
39,10008768,,"LETTUCE, GREEN LEAF 24CT US #1 GCP 25LB/CS 2320-CASE",CS,24.47,0
40,10008769,,"LETTUCE, ICEBERG CLEANED/TRIMMED GCP 30LB/CS #2330-CASE",CS,27.24,0
41,10008770,,"LETTUCE, ICEBERG 1/8"" SHREDDED GCP 4/5LB/CS #6052-CASE",CS,18.16,0
42,10008771,,"LETTUCE, ROMAINE HEARTS GCP 48/CS #6098-CASE",CS,28.03,0
43,10008772,,"LETTUCE, SPRING MIX GCP 3LB/CS #2725-CASE",CS,10.13,0
44,10008879,,"LETTUCE, FRISSE EXTRA YELLOW PREMIUM 3LB/CS",CS,21.77,0
46,10008894,,"MUSHROOM, SILVER DOLLAR 10LB/CS",CS,28.75,0
47,10008923,,"MUSHROOM, CRIMINI ROMAN US #1 5LB/CS",CS,22.07,0
48,10008957,,"MUSHROOM, WHITE BUTTON US #1 GP 10LB/CS 6258-CASE",CS,28.91,0
50,10008959,,"MUSHROOM, SHIITAKE FRESH GCP 3LB/CS 6296-CASE",CS,28.13,0
51,10009006,,"SHALLOT, CLEANED 5LB/JAR",Jar,15.81,0
53,10009012,,"ONION, YELLOW JUMBO 50LB/BAG",BG,25.23,0
54,10009019,,"LEEK, US #1 GCP 12BNCH/CS 2290-CASE",CS,24.57,0
55,10009020,,"ONION, GREEN ICELESS GCP 4/2LB/CS 2375-CASE",CS,16.58,0
56,10009021,,"ONION, RED JUMBO US #1 GCP 25LB/CS 2385-CASE",CS,18.16,0
58,10009044,,"PEPPER, BELL GREEN LARGE US #1 25LB/CS",CS,23.56,0
59,10009045,,"PEPPER, CHILE PASILLO/ POBLANO 10LB/CS GETFRESH #1215",CS,16.66,0
60,10009052,,"PEPPER, BELL RED LARGE US #1 25LB/CS",CS,29.81,0
61,10009053,,"PEPPER, BELL YELLOW CHOPPER US #1 25LB/CS",CS,31.9,0
62,10009058,,"PEPPER, JALAPENO 36LB/CS GETFRESH #3847",CS,30.46,0
65,10009086,,"PEPPER, BELL RED LARGE GCP 11LB/CS #2517-CASE",CS,21.77,0
69,10009127,,"POTATO, SWEET US #1 40LB/CS",CS,26.56,0
71,10009148,,"POTATO, FINGERLING GULF COAST PRODUCE 40LB/CS #2540-CASE",CS,64.5,0
72,10009149,,"POTATO, BAKER IDAHO 100CT GCP 50LB/CS 2566-CASE",CS,31.32,0
73,10009150,,"POTATO, SWEET US #1 GCP 40LB/CS 2640-CASE",CS,26.56,0
75,10009214,,"DAIKON, FRESH GCP 10LB/CS",CS,25,0
76,10009217,,"SQUASH, BUTTERNUT 30LB/CS",CS,46.86,0
78,10009256,,"SQUASH, ZUCCHINI MEDIUM GCP 18-20LB/CS #2790-CASE",CS,21.88,0
79,10009257,,"SQUASH, STRAIGHTNECK YELLOW US #1 20LB/CS 2775-CASE",CS,25.16,0
80,10009271,,"TOMATO, GREEN 25LB/CS",CS,32.81,0
81,10009272,,"TOMATO, HEIRLOOM US #1 10LB/CS",CS,37.5,0
82,10009281,,"TOMATO, BULK LOOSE XLARGE US #1 25LB/CS",CS,25.99,0
84,10009297,,"TOMATO, YELLOW 5X5 2 LAYER GCP 20LB/CS #1723-CASE",CS,28.91,0
85,10009298,,"TOMATO, CHERRY GULF COAST PRODUCE 12/1PT/CS #1824-CASE",CS,21.82,0
86,10009299,,"TOMATO, ROMA GULF COAST PRODUCE 25LB/CS #1852-CASE",CS,24.95,0
87,10009312,,"TOMATO, GRAPE RED 12/10.5OZ/CS",CS,17.14,0
90,10009379,,"PARSNIP, FRESH 20LB/BAG",BG,60.09,0
92,10009398,,"CORN, COB W/HUSK 20LB/CS",CS,32.81,0
93,10009478,,"ASPARAGUS, JUMBO US #1 GCP 11LB/CS 2020-CASE",CS,32.45,0
94,10009479,,"ASPARAGUS, MEDIUM/STANDARD US #1 GCP 11LB/CS 2010-CASE",CS,24.64,0
95,10009480,,"CARROT, BABY PEELED NO TOPS GCP 4/5LB/CS 4119-CASE",CS,20.86,0
96,10009481,,"CAULIFLOWER, REGULAR US #1 12CT GCP 25LB/CS 4319-CASE",CS,26.52,0
98,10009607,,"TURNIP, BABY 24CT/CS #TU1",CS,198.35,0
99,10009686,,"CAULIFLOWER, CAULILINI GCP 3/2LB/CS MANN'S PACKING #2131",CS,22.4,0
100,10009699,,"CARROT, BABY CELLO PACK US #1 30/1LB/CS",CS,26.85,0
102,10009857,,"CHIVES, FRESH US #1 1LB/BAG",BG,9.44,0
104,10009890,,"GINGER ROOT, FRESH 1LB/CS",POUNDS - DRY WEIGHT,4.82,0
109,10009964,,"FENNEL, ANISE GULF COAST PRODUCE EA",Each,2.74,0
110,10009965,,"ARUGULA, BABY GCP 4LB/CS 6701-CASE",CS,13.4,0
111,10009966,,"BASIL, FRESH NO STEM GCP 1LB/BAG 6706-CASE",BG,6.57,0
112,10009967,,"CHIVES, FRESH US #1 GCP 1LB/BAG 6722-CASE",BG,9.44,0
113,10009968,,"DILL, FRESH GCP 1LB/BAG 6724-CASE",BG,7.46,0
114,10009969,,"MINT, FRESH GCP 1LB/BAG 6740-CASE",BG,6.78,0
115,10009970,,"OREGANO, FRESH GCP 1LB/BAG 6742-CASE",BG,7.56,0
116,10009971,,"ROSEMARY, FRESH GCP 1LB/BAG 6744-CASE",BG,6.83,0
117,10009972,,"SAGE, FRESH GCP 1LB/BAG 6746-CASE",BG,9.02,0
118,10009973,,"TARRAGON, FRESH GCP 1LB/BAG 6750-CASE",BG,9.96,0
119,10009974,,"THYME, FRESH GCP 1LB/BAG 6754-CASE",BG,6.94,0
120,10009975,,"PARSLEY, ITALIAN FLAT LEAF GCP 60BUNCH/CS 2450-CASE",CS,34.49,0
121,10010037,,"CILANTRO, FRESH 60CT/CS",CS,24.75,0
122,10010041,,"CILANTRO, FRESH GCP 6CT/PKG",PK,4.74,0
123,10010137,,"LETTUCE, FIELD GREENS PREMIUM US #1 3LB/CS",CS,10.13,0
124,10010139,,"SPINACH, CLEANED US #1 4/2.5LB/CS",CS,18.38,0
127,10010323,,"GREENS, COLLARD CLEANED 6/2LB/CS",CS,29.69,0
128,10010362,,"CARROT, BABY PEELED RAINBOW MIX 5LB/CS",CS,26.36,0
129,10010416,,"CABBAGE, RED SHREDDED 4/5LB/CS",CS,22.01,0
133,10010595,,"BROCCOLI, CROWN US #1 GCP 20LB/CS 2075-CASE",CS,24.78,0
134,10010596,,"BROCCOLI, FLORETTES GCP 6/3LB/CS 6000-CASE",CS,31.72,0
135,10010597,,"BROCCOLINI, US #1 18CT GCP 20LB/CS 2085-CASE",CS,29.08,0
136,10010598,,"BRUSSEL SPROUTS, CLEANED FRESH GCP 25LB/CS 2095-CASE",CS,33.76,0
138,10010599,,"CAULIFLOWER, FLORETTES GCP 4/3LB/CS 6030-CASE",CS,28.81,0
139,10010600,,"COLESLAW, MIX SHREDDED MED W/COLOR GCP 4/5LB/CS 6118-CASE",CS,16.7,0
140,10010694,,"CELERY, STICKS 4""-4.5"" 4/5LB/CS GULF COAST PRODUCE PACKER #6036",CS,68.15,0
141,10010740,,"CARROT, MATCHSTICK 1/8""X1/8"" 4/5LB/CS",CS,19.56,0
143,10008731,,"WATERCRESS, FRESH 24CT/CS",CS,70.4,0
144,10010158,,"SPROUT, BEAN CLEANED 5LB/BAG",BG,14.31,0
145,10079306,,"ORANGE, CHOICE 138EA/CS",CS,39.06,0
