﻿BPA Number,BPA Description,Supplier,Supplier Site,Start Date,End date,BPA Frequency
BRSYSWK/MASTER-1,CP FB SYSCO BR W,SYSCO FOOD SERVICES OF NEW,MAIN,6/9/2023,9/16/2023,Weekly
Line Number,Item Number,Supplier Item,Item Description,UOM,Price,Agreement Qty
2,10000084,,"CREAM, SOUR DAIRY FRESH 100/1OZ/CS #41345",CS,13.5,0
3,10000135,,"MILK, SOY CHOCOLATE SILK 2.5GAL/BAG WHITE WAVE #102321",BG,25.47,0
4,10000136,,"MILK, SOY VANILLA SILK 2.5GAL/BAG WHITE WAVE #102320",BG,25.47,0
6,10045050,,"MILK, OAT CALIFIA FARMS 6/32OZ/CS #420236",CS,16.36,0
7,10000187,,"ICE CREAM, VANILLA HAAGEN DAZ 2.5GAL/TUB",Tub,53.03,0
8,10000284,,"ICE CREAM, BAR VNILA MLK CHOC H D 12/2.89OZ/CS VANILLA MILK CHOCOLATE HAAGEN DAZ #34027",CS,24.12,0
11,10000365,,"YOGURT, VANILLA LOW FAT FRESH 2/14LB/CS PERFECT PARFAIT #9614VA",CS,71.1,0
14,10000383,,"YOGURT, VANILLA LOW FAT PARFAIT PRO 6/4LB/CS YOPLAIT #6472502",CS,24.87,0
15,10000383,,"YOGURT, VANILLA LOW FAT PARFAIT PRO 6/4LB/CS YOPLAIT #6472502",CS,24.87,0
17,10000390,,"YOGURT, GREEK PLAIN FAT FREE DANNON 6/32OZ/CS #2753",CS,32.54,0
18,10000410,,"CHEESE, PEPPER JACK BLOCK 6/5LB/AVG/CS",POUNDS - DRY WEIGHT,3.407333333,0
19,10000457,,"CHEESE, MOZZARELLA FRESH OVALINE 2/3LB/CS",POUNDS - DRY WEIGHT,4.758333333,0
20,10000469,,"CHEESE, PARMESAN GRATED PURE 6/5LB/CS",POUNDS - DRY WEIGHT,4.910333333,0
21,10000486,,"CHEESE, MOZZARELLA SHRD WHOLE MILK SAPUTO 6/5LB #984468",POUNDS - DRY WEIGHT,2.510333333,0
22,10000491,,"CHEESE, MOZZARELLA BLOCK SORENTO 8/5LB/CS WHOLE MILK",CS,106.32,0
23,10000498,,"CHEESE, FONTINA SHREDDED REGULAR 4/5LB/CS BELGIOIOSO #72300",POUNDS - DRY WEIGHT,103.9,0
24,10075996,,"CHEESE, MOZZARELLA CILIENGINI 3OZ 2/3LB/CS ROSELLI #337318",POUNDS - DRY WEIGHT,4.873333333,0
25,10000503,,"CHEESE, FETA 2/8LB/CS",POUNDS - DRY WEIGHT,2.97625,0
26,10000504,,"CHEESE, FETA SAPUTO 27LB/PAIL #984427",POUNDS - DRY WEIGHT,2.733333333,0
27,10000641,,"CHEESE, PEPPER JACK SHRD CHEFS CHOICE 4/5LB/CS SHREDDED DOMESTIC CHEFS CHOICE #70051",POUNDS - DRY WEIGHT,3.072,0
28,10000658,,"CHEESE, BOURSIN HERB FRENCH 12/5.29OZ/CS BEL BRANDS USA MFR# 410190",CS,41.89,0
29,10000675,,"CHEESE, AMERICAN SLC 160 CT 4/5LB/CS BLOCK & BARREL 9036724",CS,44.66,0
30,10000676,,"CHEESE, COLBY LONGHORN 2/6LBAVG/CS CITYLINE 2494445",CS,51.348,0
31,10000681,,"CHEESE, PROVOLONE ARREZZIO 3/10-12LB/CS",POUNDS - DRY WEIGHT,2.512,0
32,10000695,,"CHEESE, FONTINA SWEDISH 10LB/WHL",POUNDS - DRY WEIGHT,4.852,0
33,10000695,,"CHEESE, FONTINA SWEDISH 10LB/WHL",POUNDS - DRY WEIGHT,4.852,0
34,10000702,,"CHEESE, SWISS GRUYERE 2/6LB/AVG/CS",POUNDS - DRY WEIGHT,6.327,0
35,10000788,,"CHEESE, PARMESAN PC AREZZIO 200/3.5GR/CS",CS,17.06,0
37,10000872,,"CHEESE, CREAM PHILADELPHIA 6/3LB/CS KRAFT #616982",CS,44.07,0
38,10000888,,"BUTTER, CLARIFIED LAND O LAKES 30LB/CS",CS,145.07,0
40,10000898,,"BUTTER, WRAPPED WHOLESOME FARMS 4/2.25LB/CS CONTINENTAL SALTED #6060 47 COUNT",CS, ,0
41,10000926,,"BUTTER, BUT-R-CUPS WHIPPED SALTED 720/5GM/CS LAND O LAKES #7517463",CS,32.67,0
42,10000940,,"MARGARINE, REDDIES PROMISE 600/5GR/CS",CS,29.2,0
43,10000948,,"EGG, AA EXTRA LARGE 15DZ/CS",CS,22.55,0
125,10002483,,"BACON, BITS 3/8"" REAL HORMEL 2/5LB/CS #0454",CS,76.39,0
164,10002907,,"SAUCE, STEAK HEINZ PC TRADITIONAL 200/12GRM/CS SINGLE SERVE HEINZ MFG #10013000533307",CS,13.31,0
165,10002908,,"SAUCE, BBQ HEINZ PC 200/12GRM/CS HEINZ MFG #10013000533802",CS,13.84,0
242,10004381,,"CROUTON, PC CUBED SEASONED PACKET 250/.25OZ/CS SYSCO #7762299",CS,15.28,0
359,10006862,,"CHICKEN, CORDON BLUE 24/50Z/CS SYSCO #1892942",CS,45.08,0
451,10010993,,"FISH, CATFISH FILLET IQF RANDOM 15LB/CS INDIVIDUAL QUICK FROZEN DELTA PRIDE OR HEARTLAND",POUNDS - DRY WEIGHT,2.701333333,0
452,10011006,,"FISH, CATFISH FILLET IQF 60/3-5OZ/CS INDIVIDUAL QUICK FROZEN",CS,87.43,0
457,10011981,,"BEEF, MEATBALL COOKED 160/1OZ/CS",POUNDS - DRY WEIGHT,41.24,0
458,10011996,,"BEEF, BRISKET SMKD SLICED UNSAUCED FRZN 2/7LB/CS FROZEN SMOKED AUSTIN BLUES HORMEL #39029",POUNDS - DRY WEIGHT,10.016,0
459,10012001,,"BEEF, FRITTER BREADED 60/2.7OZ/CS",CS,46.19,0
464,10012083,,"PORK, LOIN BNLS SLICED HORMEL 2/8-9LB/AVG/CS #7019239",POUNDS - DRY WEIGHT,2.382,0
467,10012116,,"BACON, APPLEWOOD SMOKED SLAB NUESKE 10LB/CS",POUNDS - DRY WEIGHT,9.341,0
469,10012131,,"BACON, CANADIAN HICKORY SMKD STICK FRSH 4/4LB/CS FRESH FULLY COOKED SMOKED WATER ADDED GOLD MEDAL 95% FAT FREE FARMLAND #70247127050",POUNDS - DRY WEIGHT,3.782,0
470,10012140,,"HAM, TASSO 10LB/CS",POUNDS - DRY WEIGHT,4.545,0
471,10012143,,"HAM, WHOLE BONELESS 4""X9"" F/C HORMEL 10LB/CS IN NATURAL JUICE FULLY COOKED #9496",POUNDS - DRY WEIGHT,5.133,0
472,10012161,,"HAM, STEAK B/I HICKORY SMOKED F/C FRZN 40/6OZ/CS BONE IN FULLY COOKED FROZEN WATER ADDED STEVISON #00025108-01601",POUNDS - DRY WEIGHT,4.547,0
474,10012208,,"PORK, SKIN PELLETS FRYING 15LB/CS BLOCK&BARREL #3508548",CS,50.73,0
476,10012282,,"SAUSAGE, CHORIZO BULK 10LB/CS",POUNDS - DRY WEIGHT,2.823,0
477,10012293,,"SAUSAGE, PORK LINK RAW W/CASING JM 80/2OZ/CS COLLAGEN CASING BREAKFAST FROZEN JOHN MORRELL #70100-02059",POUNDS - DRY WEIGHT,3.41,0
478,10012295,,"SAUSAGE, PORK LINK RAW W/CASING JM 160/1OZ/CS COLLAGEN CASING BREAKFAST FROZEN JOHN MORRELL #70100-02057",POUNDS - DRY WEIGHT,3.517,0
479,10012296,,"SAUSAGE, ITALIAN COOKED PIZZA TOPPING 10LB/CS HORMEL #7356645",POUNDS - DRY WEIGHT,3.429,0
480,10012301,,"SAUSAGE, TURKEY LINK PERDUE 160/1OZ/CS PERDUE FARMS #93236",POUNDS - DRY WEIGHT,4.027,0
481,10012302,,"SAUSAGE, PORK PATTY FULLY COOKED FRZN 80/2OZ/CS FROZEN HORMEL FOODS SALES 22054",CS,36.57,0
482,10012311,,"SAUSAGE, ALLIGATOR PORK LINK 2/5LB/CS",CS,46.24,0
483,10012315,,"SAUSAGE, SMOKED BLACK OAK 11LB/CS",POUNDS - DRY WEIGHT,3.097272727,0
485,10012327,,"SAUSAGE, ANDOUILLE ROPE SMOKED FROZEN 10LB/CS HICKORY SMOKE COUNTRY PLEASIN' #661042-72222",POUNDS - DRY WEIGHT,4.157,0
486,10012403,,HAM CAPICOLA HOT 2/4.5-5LB/AVG/CS AREZZIO #7180771,CS,46.7,0
487,10012405,,HAM MORTADELLA W/PISTACHIO 2/7.5-8LB/AVG/CS AREZZIO #7734049,CS,91.88,0
492,10012455,,"BEEF, ROAST TOP ROUND CAP OFF N/R F/C 2/8LB/CS NO ROLL FULLY COODED UNSLICED WELL DONE FRESH HALF TOP ROUND 30% SOLUTION MANDA #268",POUNDS - DRY WEIGHT,6.12,0
493,10012466,,"SALAMI, PORK HARD COLOSSEUM CURED 3/6LB/CS AIR DRIED ARREZZIO #38236",POUNDS - DRY WEIGHT,4.301,0
494,10012492,,"HAM, COTTO ITALIAN OVEN ROASTED W/HERB 16LB/CS IMPORT LEONCINI #6607",POUNDS - DRY WEIGHT,7.481,0
495,10012504,,"BEEF, CORNED BOTTOM RND FLAT NO ROLL CKD 2/9LB/C COOKED BOTTOM ROUND VIENNA BEEF #18500",POUNDS - DRY WEIGHT,6.512,0
503,10045655,,"CHICKEN, 8-WAY CASINO CUT 15% MRN FRESH 46LB/CS KOCH FOODS GTIN: 90074865866968 SYSCO PRIVATE LABEL SUPC: 9461328",POUNDS - DRY WEIGHT,1.884,0
504,10012618,,"CHICKEN, BREAST BNLS SKLS SNGL LOBE 48/6OZ/CS",POUNDS - DRY WEIGHT,3.839444444,0
507,10012632,,"CHICKEN, THIGH MEAT DICED 20LB/CS #016318-0928",CS,46.13,0
513,10012750,,"TURKEY, ROAST WHITE/DARK RAW 2/9-12LB AVG/CS",POUNDS - DRY WEIGHT,3.772,0
514,10012761,,"TURKEY, BREAST BNLS SKNLS HICKORY SMKD 2/10LB/CS FRESH BONELESS SKINLESS SMOKED WHOLE MUSCLE JENNIE-O #824402",POUNDS - DRY WEIGHT,4.364,0
515,10012778,,"DUCK, WHOLE GRADE A W/NECK & GIB 6/4.25LB/AVG/C MBG #P3001 NECK & GIBLETS INCLUDED HEAD/FEET OFF FROZEN MAPLE LEAF FARMS #003010040",POUNDS - DRY WEIGHT,3.418,0
550,10015808,,"JUICE, LIME SYSCO NATURAL 6/1QT/CS",CS,23.29,0
551,10015856,,"JUICE, LEMON NATURAL PASTEURIZED 6/QT/CS SUN ORCHARD #3865649",CS,22.57,0
552,10015985,,"MIXER, CLUB SODA CANADA DRY 24/10OZ/CS",CS,18.44,0
554,10016032,,"MIXER, BLOODY MARY ZING ZANG 12/LTR/CS",CS,38.45,0
555,10016083,,"MIXER, SWEET/SOUR MR & MRS T'S 6/LTR/CS MOTTS USA #10002697",CS,20.79,0
558,10016546,,"MILK, SOY VANILLA MOONROSE 12/QT/CS",CS,20.01,0
575,10076289,,"CHICKEN, BREAST DELI OVEN ROASTED HORMEL 2/5LB/C #42104",POUNDS - DRY WEIGHT,4.873,0
576,10079302,,"SHELL, PIE 6.75"" PILLSBURY 48/CS PILLSBURY 94562-10090",CS,33.62,0
577,10079303,,"PATTY, BEEF PRECOOKED FROZEN 27/6OZ/CS FIRE RIVER FARMS 1561430",CS,82.43,0
578,10081288,,"CAKE, SHEET RED VELVET ICED 4/78OZ/CS #7101223 FROZEN",CS,82.78,0
579,10081289,,"CAKE, SHEET CHOCOLATE DOUBLE 12""X16"" 4/74OZ/CS #8728240 FROZEN",CS,74.96,0
580,10081290,,"CAKE, SHEET STRAWBERRY SHORTCAKE 2/185OZ/CS #2297547 FROZEN",CS,108.47,0
581,10081291,,"CAKE, SHEET PINEAPPLE UPSIDE DOWN 4/88OZ/CS #6083008 FROZEN",CS,67.48,0
