﻿BPA Number,BPA Description,Supplier,Supplier Site,Start Date,End date,BPA Frequency
C/LASPEC/MASTER-1,SS FB LA SPEC NVLTY PRD 1 LV W,LA SPECIALTY PRODUCE CO INC DBA VESTA FOODSERVICE,MAIN,6/11/2023,6/17/2023,Weekly
Line Number,Item Number,Supplier Item,Item Description,UOM,Price,Agreement Qty
62,10008561,11420,"POMEGRANATE, LA SPECIALTY 10LB/CS #41330",POUNDS - DRY WEIGHT,4.368,0
69,10008578,1120,"FIG, BLACK MISSION LA SPEC 9-12BK 16LB/CS LA SPECIALTY #1120",CS,47.84,0
95,10008677,222,"CUCUMBER, JAPANESE LA SPECIALTY 10LB/CS #222",CS,42.64,0
245,10009656,553,"PUMPKIN, MINI BABY LA SPECIALTY 40CT/CS #553",CS,,0
322,10009568,580,"RHUBARB, FRESH 20LB/CS LA SPECIALTY #580",CS,49.92,0
323,10079026,13629,"PEPPER, JIMMY NARDELLO ORG 10LB/CS",CS,,0
324,10008780,630,"SPINACH, BUNCHED 24CT/CS",CS,27.6,0
325,10079027,20377,"SQUASH, HONEYNUT LA SPEC 10LB/CS",CS,,0
326,10079028,19138,"PEPPER, GREEN LONG HOT ITALIAN 15LB/CS",CS,67.6,0
327,10079030,14651,"SPICE, OREGANO DRIED BRANCHES 25GR/EA",Each,10.32,0
328,10079031,276,"BEAN, ROMANO LA SPECIALTY 10LB/CS",CS,31.2,0
329,10079032,2633,"YAM, BONIATO/JAPANESE 40LB/CS",CS,54.6,0
330,10079033,19348,"FLOWER, SQUASH 25CT/CS FRESH ORIGINS",CS,20.83,0
331,10079034,490,"PEAS, ENGLISH CASAS FARMS LA SPECIALTY 10LB/CS",CS,77.08,0
332,10079154,462,"ONION, MEXICAN BBQ LA SPECIALTY 24CT/CS",CS,22.4,0
333,10008278,6445,"APPLE, RED DELICIOUS 88CT FANCY 40LB/CS",CS,43.27,0
334,10008279,1011,"APPLE, GOLDEN DELICIOUS 125CT 40-50LB/CS",CS,54.08,0
335,10008283,11387,"APPLE, GALA BABY WA XFANCY 10LB/CS WASHINGTON",CS,,0
336,10008286,18896,"APPLE, GRANNY SMITH BABY 10LB/BAG",BG,,0
337,10008287,13020,"APPLE, RED DELICIOUS BABY 10LB/BAG",BG,20.8,0
338,10008289,0,"APPLE, BABY JAZZ 10LB/CS",CS,,0
339,10008293,19876,"APPLE, HONEYCRISP EURO 56CT/CS #9071",CS,56.16,0
340,10008294,0,"APPLE, HONEYCRISP BABY SINGLE LAYER 8-10LB/CS GET FRESH #9246",CS,,0
341,10008295,19876,"APPLE, HONEYCRISP 36CT/CS #5927",CS,56.16,0
342,10008297,15224,"APPLE, PINK LADY SINGLE LAYER 10LB/CS LA SPECIALTY #15224",CS,52,0
343,10008307,1019,"APPLE, RED DELICIOUS 125CT FANCY 40LB/CS",CS,33.28,0
344,10008308,2425,"APPLE, GRANNY SMITH 125CT FANCY 40LB/CS",CS,31.08,0
345,10008309,26329,"APPLE, GRANNY SMITH 88CT FANCY 40LB/CS",CS,31.08,0
346,10008310,1022,"APPLE, GALA 88CT FANCY 40LB/CS",CS,42.23,0
347,10008311,3057,"APPLE, GALA 163-175CT/CS",CS,35.36,0
348,10008312,1113,"APPLE, FUJI 88CT SIZE 40LB/CS",CS,32.13,0
349,10008316,1032,"BANANA, GREEN TIP #4 40LB/CS",CS,21.79,0
350,10008317,1030,"BANANA, FULLRIPE 40LB/CS",CS,21.79,0
351,10008331,1046,"BERRY, CRANBERRY LA SPECIALTY 24/12OZ/CS #1046",CS,,0
352,10008343,1068,"BERRY, GOOSEBERRY CAPE PUDWILL 12/4OZ/CS LA SPECIALTY #1068",CS,33.85,0
353,10008357,1160,"KUMQUAT, 10LB/CS",CS,62.4,0
354,10008360,1452,"ORANGE, BLOOD 20LB/CS",CS,19.02,0
355,10008371,7797,"TANGERINE, 25LB/CS",CS,33.33,0
356,10008391,11592,"LIME, FINGER 6OZ/PK",PK,32.24,0
357,10008409,1433,"ORANGE, CHOICE VALENCIA/NAVEL 88CT 40LB/CS",CS,31.83,0
358,10008410,1440,"ORANGE, CHOICE VALENCIA/NAVEL 56CT 40LB/CS",CS,27.67,0
359,10008412,3420,"ORANGE, CARA CARA 20LB/CS",CS,27.08,0
360,10008415,1522,"TANGERINE, W STEM/LEAVES 25LB/CS",CS,33.28,0
361,10008417,1134,"GRAPE, RED SEEDLESS US #1 18LB/CS",CS,74.88,0
362,10008418,1133,"GRAPE, GREEN SEEDLESS US #1 18LB/CS",CS,75.92,0
363,10008421,1130,"GRAPE, BLACK SEEDLESS 18LB/CS",CS,60.32,0
364,10008424,1198,"MELON, HONEYDEW 5CT US #1 28LB/CS",CS,21.97,0
365,10008425,3395,"MELON, WINTER LB",POUNDS - DRY WEIGHT,5.31,0
366,10008430,26375,"MELON, WATERMELON SEEDLESS 4CT 65LB/CS GET FRESH #1256",POUNDS - DRY WEIGHT,0.67,0
367,10008440,26435,"MELON, BITTER 10LB/CS",CS,46.91,0
368,10008449,1260,"PEAR, BARTLETT #1 90CT/CS",CS,42.12,0
369,10008450,1261,"PEAR, BOSC #1 80-90CT/CS",CS,48.36,0
370,10008451,1259,"PEAR, RED US #1 20LB/CS ANJOU OR BARTLETT",CS,27.96,0
371,10008455,21591,"PEAR, ASIAN SHINKO FLAT",Flat,37.96,0
372,10008458,26330,"PEAR, D'ANJOU SINGLE LAYER 10LB/CS GET FRESH #8810",CS,10.32,0
373,10008459,0,"PEAR, BARTLETT SINGLE LAYER 10LB/CS GET FRESH #8811",CS,,0
374,10008460,19940,"PEAR, BOSC SINGLE LAYER 10LB/CS GET FRESH #8809",CS,32.5,0
375,10008461,19940,"PEAR, RED SINGLE LAYER 10LB/CS GET FRESH #9816",CS,32.5,0
376,10008463,21591,"PEAR, ASIAN BABY BROWN 8-10LB/CS #2939",CS,37.96,0
377,10008464,0,"PEAR, FORELLI SINGLE LAYER 8-10LB/CS #9814",CS,,0
378,10008465,12225,"PEAR, ASIAN BABY FRAGRANT 18LB/CS #1966",CS,43.68,0
379,10008468,1270,"PEAR, ASIAN LA SPECIALTY 10/14CT FLAT",Flat,31.2,0
380,10008480,1252,"PEACH, HAND SELECTED SINGLE LAYER 56CT/CS",CS,,0
381,10008481,1310,"PLUM, BLACK 60CT US #1 28LB/CS",CS,,0
382,10008482,988,"APRICOT, PLACE PACK LA SPECIALTY SINGLE-LAYER/CS",CS,,0
383,10008486,3578,"PLUM, RED FLESH LA SPECIALTY 1 LAYER CS",CS,,0
384,10008489,1250,"PEACH, RIPE 24CT/CS",CS,56.25,0
385,10008497,8860,"PEACH, YELLOW RIPENED SINGLE LAYER CS",CS,,0
386,10008500,1332,"NECTARINE, WHITE RIPENED SINGLE LAYER CS",CS,,0
387,10008502,4882,"CHERRY, BING DRIED DEHYDRATED 5LB/CS GET FRESH #3866",CS,53.5,0
388,10008506,1081,"CHERRY, BING LA SPECIALTY 18LB/CS #1081",CS,108.33,0
389,10008514,1150,"KIWI, 39CT/FLAT",Flat,20.83,0
390,10008516,1540,"LYCHEE, FRESH 4LB/BAG",BG,56.16,0
391,10008518,8167,"PAPAYA, HAWAIIAN 3/4 COLOR 9CT US #1 10LB/CS",CS,36.92,0
392,10008519,6751,"PAPAYA, GOLDEN CALMAN BRAZIL 5CT US #1 10LB/CS",CS,,0
393,10008520,1241,"PASSION FRUIT, FRANADILLA 22CT/CS",CS,70.2,0
394,10008521,6325,"COCONUT, YOUNG THAI LA SPECIALTY 9CT/CS #6325",CS,22.99,0
395,10008524,8168,"MANGO, FRESH 12-18CT/CS",CS,18.75,0
396,10008525,6325,"COCONUT, YOUNG FRESH 9CT/CS",CS,22.99,0
397,10008533,10640,"COCONUT, BROWN 24/CS",CS,33.28,0
398,10008535,8168,"MANGO, FRESH LA SPECIALTY 9CT/AVG/CS #8168",CS,18.75,0
399,10008538,1321,"PAPAYA, GREEN 30LB/CS",CS,44.27,0
400,10008541,1150,"KIWI, 33-36CT 1LAYER/FLAT",Flat,20.83,0
401,10008542,3640,"KIWI, GOLDEN 33-36CT 1LAYER/FLAT",Flat,31.25,0
402,10008550,1321,"PAPAYA, ASIAN GREEN 20CT/CS ORDER BY CASE ONLY",CS,44.27,0
403,10008551,1340,"STARFRUIT, CARAMBOLA 7LB/CS ORDER BY CASE ONLY",CS,,0
404,10008558,1321,"PAPAYA, THAI GREEN FRESH WHOLE 3OLB/CS",CS,44.27,0
405,10008565,0,"POMEGRANATE, SEEDS FRESH 8/4.4OZ/CS GET FRESH #2262",CS,,0
406,10008567,0,"FIG, TIGER STRIPE 5LB/CS GET FRESH #5059",CS,,0
407,10008568,71112,"DATES, MEDJOOL LA SPECIALTY 5LB/CS #71112",CS,29.5,0
408,10008580,0,"POMEGRANATE, EA",Each,,0
409,10008593,0,"DATES, ORGANIC FRESH 11LB/CS #2628",CS,,0
410,10008594,1283,"PERSIMMON, FUYU 8LB/CS FUYU ORGANIC FARMLA SPECIALTY #1283",CS,36.56,0
411,10008599,518,"PEAS, SHOOTS TENDRILL US #1 10LB/CS",CS,92.04,0
412,10008601,78,"BEAN, CHINESE LONG GREEN 9-10LB/BAG",POUNDS - DRY WEIGHT,33.8,0
413,10008604,0,"PEAS, SNOW LEAF CLEANED/PICKED LB",POUNDS - DRY WEIGHT,,0
415,10008609,2577,"BEAN, YELLOW WAX SNIPPED/CLEANED 5LB/CS",CS,,0
416,10008610,40437,"PEAS, SNOW LEAF 5LB/CS",CS,16.44,0
417,10008613,950,"BEAN, GREEN FRESH CLEANED/CUT 5LB BAG",BG,10.81,0
418,10008617,4797,"BEAN, HARICOT VERT CLEAN/TRIM 5/2LB/CS LA SPECIALTY #4797",CS,21.97,0
419,10008620,2457,"PEAS, SNOW LA SPECIALTY 5LB/CS #40437",CS,44.2,0
420,10008625,99614,"PEAS, SUGAR SNAP SORTED LA SPECIALTY 2LB/BAG #99495",BG,8.11,0
421,10008626,3287,"BEAN, GREEN ASIAN 30LB/CS",CS,78,0
422,10008651,138,"CABBAGE, SAVOY 40-60LB/CS",CS,40.04,0
423,10008652,130,"CABBAGE, GREEN 50LB/CS",CS,21.2,0
424,10008654,131,"CABBAGE, NAPA CHINESE HAKUSAI 30LB/CS #4013",CS,33.07,0
425,10008658,131,"CABBAGE, NAPA CHINESE US #1 30LB/CS",CS,33.07,0
426,10008659,9563,"CABBAGE, GREEN LA SPECIALTY 3/PKG #9563",PK,5.15,0
427,10008661,9564,"CABBAGE, NAPA LA SPECIALTY 3EA/CS #9564",CS,9.5,0
428,10008665,26326,"CABBAGE, GREEN TAIWANESE 40LB/CS",CS,44.2,0
429,10008675,223,"CUCUMBER, PICKLING 20LB/CS GET FRESH #1775",CS,14.83,0
430,10008676,3792,"CUCUMBER, PERSIAN 22LB/CS GET FRESH #1953",CS,26,0
431,10008677,222,"CUCUMBER, JAPANESE LA SPECIALTY 10LB/CS #222",CS,42.64,0
432,10008681,0,"CUCUMBER, PERSIAN 1LB/BAG",BG,,0
433,10008685,3792,"CUCUMBER, PERSIAN 22LB/CS",CS,26,0
434,10008689,250,"EGGPLANT, AMERICAN #1 UNIFORM SIZING 18CT/CS",CS,26.63,0
435,10008690,3143,"EGGPLANT, CHINESE 30LB/CS",CS,49.4,0
436,10008692,250,"EGGPLANT, ITALIAN 18CT US #1 25LB/CS",CS,26.63,0
437,10008694,0,"EGGPLANT, THAI 5LB/CS",CS,,0
438,10008698,252,"EGGPLANT, JAPANESE SORTED LA SPECIALTY 10LB/CS #3026",CS,28.6,0
439,10008700,259,"EGGPLANT, CHINESE LA SPECIALTY 10LB/CS #259",CS,30.21,0
440,10008701,0,"EGGPLANT, AMERICAN #1 UNIFORM SIZING 1 EA",Each,,0
441,10008711,100,"BOK CHOY, WHOLE 30LB/CS",CS,49.92,0
442,10008712,274,"ENDIVE, GREEN BELGIAN US #1 10LB/CS",CS,38.59,0
443,10008713,264,"ENDIVE, BELGIAN RED 10LB/CS",CS,47.84,0
444,10008715,283,"GREENS, COLLARD FRESH 24BUN/CS",CS,29.12,0
445,10008724,12736,"WATERCRESS, HYDROPONIC US #1 12BUN/CS",CS,22.99,0
446,10008726,730,"WATERCRESS, IN ICE 12BUN/CS",CS,24.58,0
447,10008733,302,"GREENS, FRISEE US #1 12CT 3LB/CS",CS,31.25,0
448,10008735,170,"GREENS, CHARD SWISS GREEN 12CT/CS #1268",CS,23.02,0
449,10008740,18023,"KALE, BABY 3LB/CS #3407",CS,14.98,0
450,10008741,5071,"GREENS, CHARD RAINBOW LA SPECIALTY 12CT/CS #5071",CS,26.56,0
451,10008745,3279,"KALE, TUSCAN ORGANIC GET FRESH 12CT/CS #3268",CS,19.36,0
452,10008749,100,"BOK CHOY, WHOLE ASIAN 30LB/CS",CS,49.92,0
453,10008754,730,"WATERCRESS, FRESH LA SPECIALTY 12CT/CS #730",CS,24.58,0
454,10008758,16835,"KALE, BABY TUSCAN GET FRESH 4LB/CS #1706",CS,26.85,0
455,10008759,12866,"KALE, LACINATO ORGANIC FOXY 24CT/10LB/CS GET FRESH #8335",CS,28.42,0
456,10008762,18023,"KALE, BABY MIXED LA SPECIALTY 3LB/CS #18023",CS,14.98,0
457,10008773,12736,"WATERCRESS, HYDROPONIC US #1 /EA",Each,22.99,0
458,10008779,16289,"WATERCRESS, RED PETITE 4OZ/CS",CS,15.45,0
459,10008797,811,"SPINACH, CELLO LF 4/2.5LB/CS",CS,17.18,0
460,10008832,13203,"LETTUCE, SWEET GEM 24CT/CS",CS,23.27,0
461,10008835,3184,"LETTUCE, BUTTER HOTHOUSE 12PK/CS",CS,23.63,0
462,10008837,0,"LETTUCE, ARTISAN 4CT/PKG",PK,,0
463,10008838,387,"LETTUCE, BABY MESCLUN STELLAR MIX 3LB/CS",CS,9.81,0
464,10008845,19064,"LETTUCE, SWEET GEM RED 24CT/CS GET FRESH #1623",CS,31.31,0
465,10008846,22590,"LETTUCE, ARCADIAN BLEND 4/3LB/CS",CS,27.04,0
466,10008853,3355,"LETTUCE, FRISSE EXTRA YELLOW PREMIUM 12CT/CS GET FRESH #1123",CS,23.4,0
467,10008862,385,"LETTUCE, LOLLA ROSA BABY 2LB/CS GET FRESH #1415",CS,14.68,0
468,10008864,0,"LETTUCE, ROMAINE PETITE HEARTS 48CT/CS",CS,,0
469,10008866,755,"LETTUCE, TREVISO 12CT/CS",CS,22.88,0
470,10008872,3532,"LETTUCE, ROMAINE HEART LF 48CT/CS",CS,29.23,0
471,10008880,390,"MUSHROOM, WHITE BUTTON US #1 10LB/CS",Flat,27.08,0
472,10008888,13668,"MUSHROOM, OYSTER US #1 5LB/CS",Flat,36.51,0
473,10008889,431,"MUSHROOM, PORTABELLA 3.5"" US #1 5LB/CS",Flat,28.65,0
474,10008893,403,"MUSHROOM, SHIITAKE FRESH CHINESE GUANS 5LB/FLAT",Flat,36.4,0
475,10008895,0,"MUSHROOM, TRUMPET BLACK 5LB/BAG",BG,,0
476,10008896,391,"MUSHROOM, WHITE MEDIUM US #1 10LB/FLAT",Flat,27.6,0
477,10008899,392,"MUSHROOM, WHITE LARGE US #1 10LB/FLAT",Flat,28.65,0
478,10008900,3929,"MUSHROOM, PORTABELLA 5"" SELECT 5LB/FLAT",Flat,24.96,0
479,10008906,3208,"MUSHROOM, SHIITAKE LARGE FRESH 5LB/FLAT",CS,39,0
480,10008917,99396,"MUSHROOM, CHANTERELLE US #1 5LB/CS",CS,,0
481,10008919,4487,"MUSHROOM, CHEF MIX LA SPECIALTY 6LB/CS #4487",POUNDS - DRY WEIGHT,44.79,0
482,10008922,7961,"MUSHROOM, BEECH 12BUN/CS",CS,26.56,0
483,10008926,0,"MUSHROOM, BEECH BROWN HOKOI 24CT/CS",CS,,0
484,10008932, ,"MUSHROOM, BEECH/HON SHEMIJI BROWN FRESH 6LB/CS FOODS IN SEASON #VFRSHBRN",POUNDS - DRY WEIGHT,,0
485,10008938, ,"MUSHROOM, MAITAKE HOKTO FRESH FOODS IN 6LB/CS SEASON #VFRMAITHOKTO",POUNDS - DRY WEIGHT,,0
486,10008945, ,"MUSHROOM, CHANTERELLE YELLOW FOOT FRSH MIKUNI LB FRESH #110-LV",POUNDS - DRY WEIGHT,,0
487,10008954,0,"MUSHROOM, PORCINI WHOLE FROZEN GRADE A 8KG/CS URBANI #60035",CS,,0
488,10008960,5537,"MUSHROOM, SHIMEJI BROWN 12/4OZ/CS",CS,26.11,0
489,10008969,0,"MUSHROOM, OYSTER KING 11LB/CS",CS,,0
490,10008975,5455,"MUSHROOM, CREMINI 10LB/CS",CS,30.99,0
491,10008976,3549,"MUSHROOM, TRUMPET ROYAL 6LB/CS",CS,46.8,0
492,10008984,350,"LEEK, US #1 12BNCH/CS",CS,29.9,0
493,10008985,0,"LEEK, CHINESE YELLOW GOW WONG 5LB/CS",CS,,0
494,10008986,451,"ONION, CIPPOLINI NOT PEELED 10LB/CS",CS,23.96,0
495,10008987,26335,"ONION, GREEN ICELESS CRYOVAC US #1 2/24CT/CS",CS,17.21,0
496,10008989,455,"ONION, PEARL FRESH WHITE 12/1PT/CS",CS,26.56,0
497,10008990,468,"ONION, RED MEDIUM 25LB/CS",CS,15.77,0
498,10008992,99458,"ONION, WHITE #1 5LB/BAG",BG,4.47,0
499,10008993,620,"SHALLOT, UNPEELED #1 5LB/CS",CS,9.74,0
500,10008995,459,"ONION, YELLOW MEDIUM 50LB/BAG",BG,20.18,0
501,10008998,10019,"ONION, YELLOW JUMBO 5LB/BAG",BG,4.85,0
502,10009001,0,"LEEK, 2LB/EA",Each,,0
503,10009003,14042,"LEEK, HOLLAND 15LB/CS",CS,46.8,0
504,10009006,621,"SHALLOT, CLEANED 5LB/JAR",Jar,16.3,0
505,10009010,3213,"ONION, SWEET 40LB/CS",CS,27.04,0
506,10009013,13083,"ONION, TINY VEGGIES FRESH ORIGINS 50CT/CS GET FRESH #3949",CS,21.3,0
507,10009030,8227,"ONION, GREEN 4/2LB/CS",CS,17.21,0
508,10009033,468,"ONION, RED MEDIUM US #1 5LB/CS",CS,15.77,0
509,10009035,0,"ONION, PEARL CLEANED 5LB/CS",CS,,0
510,10009041,182,"PEPPER, JALAPENO GREEN 10LB/CS GETFRESH #1125",CS,12.08,0
511,10009042,951,"PEPPER, JALAPENO RED 10LB/CS GETFRESH #1363",CS,69.27,0
512,10009043,506,"PEPPER, BELL RED CHOPPER 25LB/CS GETFRESH #1091",CS,28.78,0
513,10009045,188,"PEPPER, CHILE PASILLO/ POBLANO 10LB/CS GETFRESH #1215",CS,15.45,0
514,10009046,189,"PEPPER, CHILE HABANERO 10LB/CS",POUNDS - DRY WEIGHT,26.72,0
515,10009047,186,"PEPPER, CHILE SERRANO RED 10LB/LUG",LUG,18.72,0
516,10009048,514,"PEPPER, BELL GOLD HOT HOUSE 11LB GETFRESH #1158",CS,29.75,0
517,10009050,180,"PEPPER, CHILE ANAHEIM GREEN 10LB/LUG GETFRESH #1127",CS,18.45,0
518,10009051,951,"PEPPER, CHILI FRESNO RED 10LB GETFRESH #2538",LUG,69.27,0
519,10009056,0,"PEPPER, BELL YELLOW 18-20CT 2/5LB/CS",CS,,0
520,10009057,99204,"PEPPER, CHILE THAI SMALL RED/GREEN LB",POUNDS - DRY WEIGHT,6.22,0
521,10009058,12502,"PEPPER, JALAPENO 36LB/CS GETFRESH #3847",CS,28.02,0
522,10009062,10027,"PEPPER, BELL YELLOW 5LB/BAG GETFRESH #8712",BG,7.51,0
523,10009065,10029,"PEPPER, BELL RED 5LB/BAG #7039",BG,7.3,0
524,10009069,196,"PEPPER, CHILE POD CALIFORNIA 5LB/BAG NEW MEXICO",BG,24,0
525,10009071,99189,"PEPPER, CHILE HABANERO FRESH LB",POUNDS - DRY WEIGHT,4.76,0
526,10009074,0,"PEPPER, JALAPENO GREEN 3LB/CS GET FRESH #8709",CS,,0
527,10009080,503,"PEPPER, BELL GREEN #2 LA SPECIALTY 25LB/CS #503",CS,24.52,0
528,10009081,26348,"PEPPER, RED HOT HOUSE 11LB/CS GETFRESH #1159",CS,24.96,0
529,10009088,0,"PEPPER, FRESNO 1LB/BAG",BG,,0
530,10009100,514,"PEPPERS, BELL ORANGE HOT HOUSE 11LB/CS GETFRESH #2509",CS,29.75,0
531,10009101,482,"PEPPERS, BELL GOLD CHOICE 25LB/CS GETFRESH #3786",CS,29.82,0
532,10009103,186,"PEPPERS, SERRANO 10LB/CS GETFRESH #1128",CS,18.72,0
533,10009104,0,"PEPPERS, SERRANO 1LB",POUNDS - DRY WEIGHT,,0
534,10009105,99204,"PEPPER, CHILI THAI 1LB GETFRESH 2549",CS,6.22,0
535,10009111,534,"POTATO, BAKER IDAHO 100CT 50LB/CS",CS,28.6,0
536,10009112,533,"POTATO, BAKER RUSSET IDAHO US #1 80CT 50LB/CS",CS,40.67,0
537,10009116,528,"POTATO, BAKER RUSSET IDAHO US#1 40CT/50LB/CS GET FRESH #1097",CS,47.95,0
538,10009119,547,"POTATO, YUKON GOLD GRADE B SELECT CS",CS,32.79,0
539,10009122,530,"POTATO, BAKER RUSSET IDAHO US #1 50CT 50LB/CS",CS,47.95,0
540,10009125,549,"POTATO, KENNEBEC 50LB/BAG",Sack,33.8,0
541,10009127,775,"POTATO, SWEET US #1 40LB/CS",CS,24.39,0
542,10009131,0,"POTATO, FINGERLING PURPLE 10LB/CS",CS,,0
543,10009134,0,"POTATO, PURPLE LB",POUNDS - DRY WEIGHT,,0
544,10009136,528,"POTATO, IDAHO 40CT/CS HAND-GRADED 18OZ-22OZ",CS,47.95,0
545,10009139,539,"POTATO, RED A US #1 50LB/BAG",BG,36.4,0
546,10009142,743,"YAM, US #1 JEWEL ORANGE FLESH 40LB/CS GET FRESH #5568",CS,40.04,0
547,10009147,743,"POTATO, SWEET JEWEL 3-4OZ 40LB/CS",CS,40.04,0
548,10009151,7402,"POTATO, SWEET OKINAWA 30LB/CS",CS,16.2,0
549,10009155,0,"POTATO, YUKON GOLD /LB",POUNDS - DRY WEIGHT,,0
550,10009157,568,"POTATO, WHITE C CREAMER 50#/CS",CS,52.52,0
551,10009168,0,"POTATO, FINGERLING RED THUMB 10LB/CS",CS,,0
552,10009170,0,"POTATO, PEE WEE 10LB/CS",CS,,0
553,10009174,742,"POTATO, YAM GARNET 40LB/CS",CS,37.96,0
554,10009178,230,"DAIKON, WHITE CHINESE 40LB/CS",CS,31.77,0
555,10009181,0,"RADISH, EASTER EGG FRESH LB",POUNDS - DRY WEIGHT,,0
556,10009184,16498,"DAIKON, WHITE KOREAN FRESH 22LB/CS",CS,48.36,0
557,10009185,16498,"DAIKON, GREEN FLORIDA UNIFORM SIZE 20LB/CS",POUNDS - DRY WEIGHT,48.36,0
558,10009187,0,"DAIKON, AA LEAF 45LB/CS #957007",POUNDS - DRY WEIGHT,,0
559,10009188,0,"DAIKON, FRESH LB GET FRESH #1274 #957007",POUNDS - DRY WEIGHT,,0
560,10009190,597,"RADISH, RED CLEAN 5LB/BAG",BG,17.92,0
561,10009191,0,"DAIKON, 20LB/CS",POUNDS - DRY WEIGHT,,0
562,10009200,13373,"RADISH, WATERMELON LA SPECIALTY 10LB/CS #13373",CS,22.4,0
563,10009201,18988,"RADISH, PURPLE NINJA LA SPECIALTY 12BUN/CS #18988",CS,25,0
564,10009218,655,"SQUASH, CHAYOTE 20LB/CS",CS,27.6,0
565,10009220,664,"SQUASH, ZUCCHINI GREEN MEDIUM US #1 22LB/CS",CS,21.09,0
566,10009222,677,"SQUASH, KABOCHA 34LB/AVG/CS",CS,29.64,0
567,10009227,665,"SQUASH, ZUCCHINI GREEN FANCY 20LB/CS #00665",CS,23.18,0
568,10009228,0,"SQUASH, KABOCHA /LB",POUNDS - DRY WEIGHT,,0
569,10009230,650,"SQUASH, ACORN GREEN 30CT/CS",CS,29.64,0
570,10009233,3011,"SQUASH, STRAIGHTNECK YELLOW US #1 20LB/CS",CS,22.88,0
571,10009234,21092,"PUMPKIN, MEDIUM 15LB AVG/EA",POUNDS - DRY WEIGHT,,0
572,10009237,2169,"PUMPKIN, FAIRY TALE SUIZES FARMS/CROWS PASS EA",Each,,0
573,10009238,99654,"SQUASH, BUTTERNUT LA SPECIALTY 5LB/CS #99654",CS,9.27,0
574,10009242,10042,"SQUASH, ZUCCHINI GREEN MED LA SPECIALTY 5LB/CS MEDIUM #10042",CS,9.14,0
575,10009250,654,"SQUASH, BUTTERNUT LA SPECIALTY 30LB/CS #654",CS,29.64,0
576,10009258,657,"SQUASH, SPAGHETTI 34LB/CS",CS,29.73,0
577,10009261,2377,"SQUASH, STRAIGHTNECK YELLOW MEDIUM 22LB/CS MELISSA'S PRODUCE #3217",CS,20.79,0
578,10009262,656,"SQUASH, DELICATA FRESH LA SPEC 20LB/CS LA SPECIALTY #656",CS,31.72,0
579,10009271,8622,"TOMATO, GREEN 25LB/CS",CS,22.82,0
580,10009272,25276,"TOMATO, HEIRLOOM US #1 10LB/CS",CS,28.65,0
581,10009277,5964,"TOMATO, 5X6 YELLOW 10LB/CS",CS,45.76,0
582,10009280,0,"TOMATO, BULK LOOSE LARGE US #1 25LB/CS",CS,,0
583,10009286,2839,"TOMATO, CLUSTER RED VINE RIPEN 11LB/AVG/CS",CS,21.88,0
584,10009291,779,"TOMATO, GRAPE YELLOW 12/10.5OZ/CS",CS,22.55,0
585,10009294,15940,"TOMATO, HOT HOUSE 22-25CT/CS",CS,38.74,0
586,10009295,2556,"TOMATO, SWEET PEA CURRANT 1OZ/PACK THE CHEFS GARDEN #17SPC-H",PK,50.03,0
587,10009309,748,"TOMATO, BEEFSTEAK 20LB/CS 4X4 / 4X5 GET FRESH #1298",CS,21.78,0
588,10009310,0,"TOMATO, CAMPARI CLAMSHELL 10/1LB/CS GET FRESH #8931",CS,,0
589,10009311,816,"TOMATO, CHERRY YELLOW 12/10.5OZ/CS GET FRESH #2533",CS,31.2,0
590,10009312,5165,"TOMATO, GRAPE RED 12/10.5OZ/CS",CS,16.9,0
591,10009313,10418,"TOMATO, KUMATO 10/1LB/CS GET FRESH #1888",CS,41.6,0
592,10009321,2679,"BROCCOLI, CHINESE ASIAN 30LB/CS",CS,52.52,0
593,10009325,330,"JICAMA, 20LB/CS",CS,19.79,0
594,10009326,0,"ROOT, LOTUS 20LB/CS",CS,,0
595,10009327,2522,"ROOT, TARO BULK 10LB/CS",CS,26.79,0
596,10009329,2275,"ROOT, LOTUS 10LB/CS",CS,41.6,0
597,10009332,2679,"BROCCOLI, CHINESE US #1 30LB/CS",CS,52.52,0
598,10009333,0,"ROOT, GALANGAL LA SPECIALTY 5LB/CS #2268",CS,,0
599,10009336,0,"CELERY, CHINESE WHOLE FRESH LB",POUNDS - DRY WEIGHT,,0
600,10009344,0,"ROOT, POLYGONATUM YOKECHOK LB",POUNDS - DRY WEIGHT,,0
601,10009346,10014,"JICAMA, LA SPECIALTY 5LB/CS #10014",CS,7.64,0
602,10009348,690,"TOMATILLO, FRESH LA SPECIALTY 10LB/CS #690",CS,14.15,0
603,10009350,345,"KOHLRABI, GREEN LA SPECIALTY 12CT/CS #345",CS,31.77,0
604,10009366,1492,"BEET, GOLD 20-25LB AVG/CS",CS,27.08,0
605,10009369,120,"BROCCOLI, US #1 14CT 20LB/CS",CS,20.63,0
606,10009373,151,"CAULIFLOWER, REGULAR US #1 12CT 25LB/CS",CS,24.01,0
607,10009375,160,"CELERY, US#1 24CT 60LB/CS",CS,67.71,0
608,10009378,440,"OKRA, FRESH 15LB/CS",CS,51.48,0
609,10009380,480,"PARSNIP, LOOSE LA SPECIALTY 20LB/CS BABE FARMS/WEISER FAMILY FARMS #480",POUNDS - DRY WEIGHT,42.81,0
610,10009381,21,"SPROUT, ALFALFA 12/4OZ/CS",CS,18.72,0
611,10009382,2772,"SPROUT, BEAN US #1 5LB/BAG",BG,7.97,0
612,10009384,2914,"SPROUT, DAIKON KAIWARE FUJI LABEL 12/2OZ/CS",CS,21.88,0
613,10009385,8815,"SPROUT, ONION /LB",POUNDS - DRY WEIGHT,17.08,0
614,10009386,558,"RADICCHIO, MARCHINI FARMS 12CT/CS LA SPECIALTY #558",CS,17.9,0
615,10009387,110,"BRUSSEL SPROUTS, OCEAN MIST 25LB/CS LA SPECIALTY #110",CS,32.4,0
616,10009389,680,"ARTICHOKE, SUNCHOKE FARMER'S MARKET 10LB/CS LA SPECIALTY #680",CS,,0
617,10009392,0,"CELERY, WHOLE 4CT/PACK",CS,,0
618,10009393,60,"SPROUT, BEAN US #1 10LB/BAG",BG,13.28,0
619,10009397,99480,"PARSNIP, LA SPECIALTY 5LB/CS #99480",CS,13.39,0
620,10009403,0,"CARROT, WHOLE JUMBO 10LB/CS GET FRESH #8703",CS,,0
621,10009405,9562,"BRUSSEL SPROUTS, LB",POUNDS - DRY WEIGHT,3.156666667,0
622,10009406,4909,"CELERY, ROOT HOLLAND LA SPECIALTY 10LB/CS #4909",CS,28.6,0
623,10009411,2772,"SPROUT, BEAN ASIAN 5LB/PKG",PK,7.97,0
624,10009420,210,"CORN, YELLOW SWEET US #1 48CT 50LB/CS",CS,33.28,0
625,10009421,0,"CORN, COB W/HUSK DESILKED GRILL 30/CS",CS,,0
626,10009424,10039,"SPROUT, DAIKON KAIWARE LA SPECIALTY 3/20Z/CS #10039",CS,8.85,0
627,10009432,2207,"FLOWER, EDIBLE MIXED 50/CS",CS,15.45,0
628,10009436,5533,"FLOWER, EDIBLE RED ROSE PETALS 50/TRAY",TY,32.75,0
629,10009440,9555,"BEET, GOLD 5LB/CS",POUNDS - DRY WEIGHT,8.44,0
630,10009445,3417,"BEET, CANDY STRIPED 25LB/CS",CS,28.54,0
631,10009448,2205,"FLOWER, EDIBLE MARIGOLD MIXED 50/PKG THE CHEFS GARDEN 05MMA-24",PK,14.46,0
632,10009453,2210,"FLOWER, NASTURTIUM CLAMSHELL 50CT/PK FRESH ORIGINS GET FRESH #1310",PK,15.45,0
633,10009462,2230,"FLOWER, EDIBLE VIOLAS LA SPECIALTY 50CT/TRAY #2230",TY,15.45,0
634,10009464,3992,"ARTICHOKE, LA SPECIALTY 12CT/CS #3992",CS,28.97,0
635,10009468,18699,"FLOWER, EDIBLE BLUE BORAGE BLOSSOM 100CT/PKG LA SPECIALTY #18699",PK,20.94,0
636,10009472,19348,"SQUASH, BLOSSOM 25CT/CS",CS,20.83,0
637,10009477,600,"CAULIFLOWER, ROMANESCO 12CT/CS",CS,33.91,0
638,10009500,11083,"MICRO FLOWER, EDIBLE MARIGOLD LAS 4OZ/PKG #11083",PK,21.46,0
639,10009545,122,"BROCCOLI, RAPINI RABE 20CT/CS",CS,38.07,0
640,10009546,3136,"BROCCOLINI, US #1 18CT/9LB/CS",CS,29.79,0
641,10009548,0,"CAULIFLOWER, RAINBOW 3CT/6.25LB/CS",CS,,0
643,10009549,13819,"CAULIFLOWER, RAINBOW 12CT/25LB/CS",CS,40.04,0
644,10009550,299,"CAULIFLOWER, PURPLE 12CT/25LB/CS",CS,34.74,0
645,10009551,0,"CAULIFLOWER, PURPLE 3CT/6.25LB/CS",CS,,0
646,10009552,298,"CAULIFLOWER, ORANGE 12CT/25LB/CS",CS,34.74,0
647,10009553,0,"CAULIFLOWER, ORANGE 3CT/6.25LB/CS",CS,,0
648,10009554,22579,"CAULIFLOWER, GREEN 12CT/25LB/CS",CS,34.74,0
649,10009555,9567,"CAULIFLOWER, REGULAR 3CT/6.25LB/CS",CS,7.41,0
650,10009556,600,"CAULIFLOWER, BABY ROMANESCO 5LB/CS",CS,33.91,0
651,10009559,0,"CORN, YELLOW HUSKED 2/10LB/CS #3936 APROX 17PC/BAG",CS,,0
652,10009574,5876,"EGGPLANT, BABY ROUND 10LB/CS",CS,30.21,0
653,10009577,386,"LETTUCE, GREEN OAK BABY FLAT",Flat,16.2,0
654,10009578,15114,"LETTUCE, MIZUNA BABY CS",CS,20.83,0
655,10009579,374,"LETTUCE, ROMAINE GREEN BABY 24CT US #1 2LB/CS",CS,20.35,0
656,10009580,173,"LETTUCE, ROMAINE RED BABY 24CT US #1 2LB/CS",CS,20.91,0
658,10009586,667,"SQUASH, BABY ITALIAN 10LB/CS",CS,26,0
659,10009588,372,"LETTUCE, RED OAK LEAF BABY 18-20CT 2-3LB/CS",CS,16.2,0
660,10009594,0,"PEPPER, BELL ASSORTED COLORS BABY 5LB/CS",CS,,0
661,10009595,5728,"BRUSSEL SPROUTS, BABY GREEN FLAT",Flat,33.28,0
662,10009596,351,"LEEK, BABY FAUROT RANCH 12CT/CS LA SPECIALTY #351",CS,29.69,0
663,10009597,914,"BOK CHOY, BABY CHING KONG CHOY 30LB/CS",CS,35.36,0
664,10009599,370,"LETTUCE, BABY WHOLE HEAD US #1 4LB/CS",CS,19.79,0
665,10009602,660,"SQUASH, BABY SUNBURST YELLOW LB",POUNDS - DRY WEIGHT,2.6,0
666,10009603,0,"SQUASH, BABY MIX 5LB/CS",CS,,0
667,10009608,1640,"MUSHROOM, PORTABELLA BABY 5LB/CS",CS,25,0
668,10009610,252,"EGGPLANT, BABY JAPANESE 10LB/CS",CS,28.6,0
669,10009612,8202,"SPINACH, BABY ORGANIC LA SPECIALTY 4LB/CS #8202",CS,14.66,0
670,10009614,264,"ENDIVE, BABY RED 10LB/CS",CS,47.84,0
671,10009616,1799,"CARROT, BABY RAINBOW LA SPECIALTY 24CT/CS #1799",CS,29.17,0
672,10009617,143,"CARROT, BABY ROUND FRENCH 24BUN/CS",CS,31.25,0
673,10009619,4987,"LETTUCE, ICEBERG BABY BOGGIATTO 40CT 16-18LB/CS",CS,31.77,0
674,10009620,2372,"TURNIP, BABY PEELED W/TOPS WHOLE 2"" 5LB/BAG",BG,70.2,0
675,10009625,12175,"TURNIP, TINY CLAM SHELL FRESH ORIGINS 50/EA",Each,21.3,0
676,10009626,11369,"CARROT, TINY MIX CLAM SHELL FRESH ORIGINS 50/EA",Each,21.3,0
677,10009623,1799,"CARROT, BABY ASSORTED 24/CS #CAR991D",CS,29.17,0
678,10009624,12514,"RADISH, TINY CLAM SHELL FRESH ORIGINS 50/EA",Each,19.82,0
679,10009633,244,"CARROT, BABY WHOLE PEELED 30/1LB/CS GET FRESH #1481",CS,28.19,0
680,10009637,119,"CARROT, BABY NO TOPS HAND TURNED 5LB/CS GET FRESH #1660",CS,15.7,0
681,10009638,722,"TURNIP, BABY LA SPECIALTY 24CT/CS #722",CS,30.73,0
682,10009641,94,"BEET, BABY CANDY STRIPE LA SPECIALTY 24CT/CS #94",CS,29.17,0
683,10009643,667,"SQUASH, BABY ZUCCHINI LA SPECIALTY 10LB/CS #667",CS,26,0
684,10009645,33,"ARTICHOKE, BABY LA SPECIALTY 20LB/AVG/CS LA SPECIALTY #33",CS,44.2,0
685,10009648,914,"BOK CHOY, WHOLE BABY ASIAN 30LB/CS",CS,35.36,0
686,10009649,274,"ENDIVE, BELGIAN BABY LA SPECIALTY 10LB/CS #263",CS,38.59,0
687,10009652,101,"BOK CHOY, BABY LA SPECIALTY 10LB/CS #101",CS,12.82,0
688,10009656,553,"PUMPKIN, MINI BABY LA SPECIALTY 40CT/CS #553",CS,,0
689,10009661,90,"BEET, RED LOOSE LA SPECAILTY 25LB/CS #90",CS,20.72,0
690,10009662,93,"BEET, BABY RED SORT LA SPECIALTY 24CT/CS #1385",CS,28.13,0
691,10009663,1386,"BEET, BABY GOLD SORT LA SPECIALTY 24CT/CS #1386",CS,29.17,0
692,10009667,0,"SQUASH, BABY MIX FRESH 5LB/CS CHEFS GARDEN #16MBS-26",CS,,0
693,10009703,10899,"MICRO GREEN, PETITE NASTURTIUM LEAF 4OZ/TRAY",TY,15.45,0
694,10009705,6107,"MICRO GREENS, BASIL LA SPECIALTY 4OZ/PKG #6107",PK,15.45,0
695,10009706,4619,"MICRO GREENS, RADISH 4OZ/PKG",PK,15.45,0
696,10009711,5550,"MICRO GREENS, ASIAN BLEND 4OZ/EA",Each,15.45,0
697,10009715,5020,"MICRO GREENS, CELERY LA SPECIALTY 4OZ/PACK #5020",PK,15.45,0
698,10009716,6107,"MICRO GREENS, BASIL ITALIAN 4OZ/EA",Each,15.45,0
699,10009717,6453,"MICRO GREENS, BASIL OPAL 4OZ/EA",Each,15.45,0
700,10009721,3429,"MICRO GREENS, CILANTRO LA SPECIALTY 4OZ/PKG #3429",PK,17.32,0
701,10009722,18354,"MICRO GREENS, PEA SHOOTS 4OZ/EA",Each,19.64,0
702,10009723,1843,"MICRO GREENS, POPCORN SHOOTS 4OZ/EA",Each,15.45,0
703,10009725,4309,"MICRO GREENS, SHISO MIX LA SPECIALTY 4OZ/PKG #4309",PK,15.45,0
704,10009729,6343,"MICRO GREENS, GOLD PEA TENDRILS 4OZ/PKG",PK,15.45,0
705,10009732,3083,"MICRO GREENS, BULLS BLOOD LA SPECIALTY 4OZ/PKG #3083",PK,15.45,0
706,10009737,7549,"MICRO GREENS, PEA TENDRILS PETITE 4OZ/PKG LA SPECIALTY #7549",PK,15.45,0
707,10009739,23584,"MICRO GREENS, PETITE FIRESTICKS 4OZ/TRAY FRESH ORIGINS",TY,15.45,0
708,10009743,3089,"MICRO GREENS, ARUGULA LA SPECIALTY 4OZ/PACK #11688",PK,15.45,0
709,10009745,7047,"MICRO GREENS, CHIVES 4OZ/PKG",PK,15.45,0
710,10009746,6779,"MICRO GREENS, LEMON BALM 4OZ/PKG",PK,15.45,0
711,10009747,6458,"MICRO GREENS, MINT GARDEN 4OZ/PKG",PK,17.32,0
712,10009750,8121,"MICRO GREENS, BASIL THAI LA SPECIALTY 4OZ/PKG #8121",PK,15.45,0
713,10009751,6486,"MICRO GREENS, PETITE SEASONAL MIX 4OZ/PKG",PK,15.45,0
714,10009752,2199,"MICRO FLOWER, GARLIC 50CT/TRAY GET FRESH #3662",PK,15.45,0
715,10009753,6343,"MICRO GREENS, PEA SHOOTS GOLDEN 4OZ/PKG",PK,15.45,0
716,10009754,2230,"MICRO FLOWER, VIOLA 50CT/TRAY GET FRESH #4588",PK,15.45,0
717,10009760,21524,"MICRO GREENS, HEARTS ON FIRE 4OZ/PKG",PK,15.45,0
718,10009761,10709,"MICRO FLOWER, STAR FLOWERS 4OZ/PKG",PK,15.45,0
720,10009764,11083,"MICRO FLOWER, EDIBLE MARIGOLD 200CT/PKG",PK,21.46,0
721,10009767,14098,"MICRO GREENS, MUSTARD RED FRILLS 4OZ/PKG",PK,15.45,0
722,10009768,6460,"MICRO GREENS, PARSLEY 4OZ/PKG THE CHEFS GARDEN #04MPA-33-L",PK,18.8,0
723,10009769,2212,"MICRO GREENS, BACHELOR BUTTONS 200CT/CS",CS,15.45,0
724,10009771,11485,"MICRO GREENS, CITRUS BLEND 4OZ/PKG",PK,15.45,0
725,10009772,6458,"MICRO GREENS, GARDEN MINT 4OZ/PKG",PK,17.32,0
726,10009773,5375,"MICRO GREENS, DIANTHUS FLOWER 200CT/PKG FRESH ORIGINS #3954",PK,,0
727,10009775,10319,"MICRO GREENS, MIXED FLOWERS 200CT/PKG GET FRESH #5040",PK,15.45,0
728,10009776,6950,"MICRO GREENS, FENNEL LA SPECIALTY 4OZ/PKG #6950",PK,15.45,0
729,10009777,6424,"MICRO GREENS, CHEFS BLEND LA SPECIALTY 4OZ/PKG #6424",PK,15.45,0
730,10009778,3428,"MICRO GREENS, CHERVIL LA SPECIALTY 4OZ/PKG #3428",PK,17.32,0
731,10009784,4624,"MICRO GREENS, ARUGULA PETITE SYLVETTA 4OZ/PKG GET FRESH #9131",PK,14.88,0
732,10009785,20355,"MICRO GREENS, SORREL PETITE MEADOW MIX 100CT/CS GET FRESH #3433",CS,,0
733,10009789,0,"MICRO GREENS, RED & GREEN RADISH MIX 8OZ/EA HERBS BY DIANE #M12",Each,,0
734,10009790,0,"MICRO GREEN, PEA SHOOTS LG CLAMSHELL 8OZ/EA HERBS BY DIANE #M-9",Each,,0
735,10009791,0,"MICRO GREEN, SUNFLOWER GREENS LG CLAMSHELL 8OZ HERBS BY DIANE #M14",Each,,0
736,10009793,18699,"MICRO GREENS, BORAGE BLOSSOM EDIBLE 100 COUNT GET FRESH #1880",TY,20.94,0
737,10009794,14283,"MICRO GREENS, SORREL 4 OZ GET FRESH #9141",TY,15.45,0
738,10009802,19734,"MICRO GREEN, CITRUS CORIANDER BLOOM CG 25CT/PKG CHEF GARDEN #05SCCB-33",PK,19.79,0
739,10009813,10861,"MICRO GREEN, TANGERINE LACE 4OZ/TRAY GET FRESH #3560",TY,15.45,0
740,10009824,4624,"MICRO GREEN, ARUGULA SYLVETTA PETITE CG 50CT/PKG CHEFS GARDEN #08PSA-33",PK,14.88,0
741,10009830,11622,"MICRO GREEN, PETITE SPINACH NEW ZEALAND 4OZ/CS #5172",CS,15.45,0
742,10009831,6460,"MICRO GREEN, PARSLEY LV HERB 4OZ/TRAY #8135",TY,18.8,0
743,10009832,0,"MICRO GREEN, LEAVES BEET RADIANT 25CT/CS #4980",CS,,0
744,10009834,19734,"MICRO GREEN, CORIANDER BUD 4OZ/CS #2245",CS,19.79,0
745,10009838,4060,"LEAVES, TI GREEN BND",BD,14.85,0
746,10009839,10013,"HORSERADISH, FRESH LB",POUNDS - DRY WEIGHT,4.513333333,0
747,10009840,1453,"WHEAT GRASS, 5LB/CS",CS,15.63,0
748,10009844,314,"GARLIC, ELEPHANT 10LB/CS",CS,57.72,0
749,10009851,293,"ANISE, FRESH FENNEL 24CT 35LB/CS",CS,32.84,0
750,10009859,310,"GARLIC, BULB FRESH #8 30LB/CS #G1",CS,76.96,0
751,10009862,91428,"LEMONGRASS, FRESH 1LB/BAG #L5",BG,6.06,0
752,10009865,1177,"PARSLEY, MITSUBA JAPANESE LA SPECIALTY BUN",Bunch,8.07,0
753,10009873,0,"SORREL, 8OZ/BAG",BG,,0
755,10009892,41,"ARUGULA, BABY 4LB/BAG",BG,15.45,0
756,10009893,2267,"GINGER, FRESH 30LB/CS",CS,47.84,0
757,10009894,5853,"GINGER, PEELED 5LB/BAG",BG,40.82,0
758,10009900,13011,"LEAVES, BANANA FRESH LB",POUNDS - DRY WEIGHT,3.038,0
759,10009901,0,"HORSERADISH, ROOT 5LB/CS #1426",POUNDS - DRY WEIGHT,,0
760,10009904,10197,"FENNEL, BABY 24/CS",CS,30.21,0
761,10009906,270,"EPAZOTE, FRESH HERB BUNDLE",BD,13.44,0
762,10009908,77836,"LEAVES, SHISO 100LEAVES/PKG",PK,15.45,0
763,10009919,4521,"WASABI, FRESH LB",POUNDS - DRY WEIGHT,153.51,0
764,10009922,9588,"GARLIC, WHOLE LA SPECIALTY 5LB/CS #9588",CS,15.29,0
765,10009928,6463,"MICRO GREENS, INTENSITY MIX LA SPECIALTY 4OZ/PKG #6463",PK,17.32,0
766,10009931,77836,"LEAVES, OBA MINT 100/TRAY #957030",TY,15.45,0
767,10009937,26349,"GARLIC, PEELED #1 CHRISTOPHER RANCH 4/5LB/CS BIG KAHUNA",CS,104.17,0
768,10009957,0,"HERB, MEDLEY CHOPPED FINE GET FRESH LB",POUNDS - DRY WEIGHT,,0
769,10009959,4623,"SORREL, PETITE RED VEIN LG CLAMSHELL FRESH 8OZ HERBS BY DIANE #G12",Each,18.18,0
770,10009960,10899,"HERB, NASTURTIUM LEAVES NICKLE & DIME SIZE 8OZ HERBS BY DIANE #G7",Each,15.45,0
771,10009995,2204,"HERB, LAVENDER WANDS 50CT/TRAY #9424",TY,17.16,0
772,10010004,77836,"LEAVES, OHBA-SHISO OP 100LEAVES/PKG OCEAN PROVIDENCE #OHBA3001",PK,15.45,0
773,10010005,26413,"GINGER ROOT, FRESH YOUNG 10LB/CS GET FRESH #2632",POUNDS - DRY WEIGHT,11.18,0
774,10010014,0,"ANISE, FRESH FENNEL EACH #9209-EA",Each,,0
775,10010015,290,"ANISE, FRESH FENNEL 12CT/CS MELISSA # 444",CS,18.79,0
776,10045524,18006,"WATERCRESS, PINK PETIT ICE 100CT/PKG",PK,15.45,0
777,10045556,398,"MUSHROOM, ENOKI 25/200GR/CS SUN HONG FOODS #PV019A",CS,49.92,0
778,10045557,19324,"POTATO, MARBLE GOLD VESTA 1OLB/CS LA SPEC #19324",CS,29.17,0
779,10045558,25278,"TOMATO, HEIRLOOM BABY MIX LA SPECIALTY 12/1PT/CS LA SPEC #25278",CS,25.48,0
780,10076196,520,"PLANTAIN, GREEN 10LB/CS",POUNDS - DRY WEIGHT,21.09,0
781,10076197,9575,"LIME, 5LB/PACK",PK,5.72,0
782,10076198,9579,"ORANGE, CHOICE 5LB/PACK",PK,6.07,0
783,10076201,0,"DATES, MEDJOOL 11LB/CS",CS,,0
784,10076207,0,"KALE, TUSCAN BLACK BREAKER /EA",Each,,0
785,10076212,3176,"ONION, CIPPOLINI PEELED LA SPECIALTY 4LB/CS #3176",CS,21.95,0
786,10076227,870,"SAVORY, FRESH LB",POUNDS - DRY WEIGHT,14.58,0
787,10079155,18898,"APPLE, FUJI BABY AMENITY 1LYR/CS",CS,22.88,0
788,10079156,12606,"PEPPER, SHISHITO LA SPECIALTY 5LB/CS",CS,18.44,0
789,10079157,3521,"SPROUT, PEA LA SPECIALTY 3LB/CS",CS,19.17,0
790,10079158,9556,"BEET, RED 5LB/CS",CS,5.69,0
791,10079159,9588,"GARLIC, BULB FRESH 5LB/BAG",CS,15.29,0
792,10079160,540,"POTATO, BABY WHITE ROSE 50LB/CS",CS,36.51,0
793,10079161,99724,"TURNIP, 5LB/BAG",CS,6.23,0
794,10079162,119,"CARROT, BABY PEELED 1"" TOP LA SPECIALTY 5LB/CS",CS,15.7,0
795,10079163,280,"ESCAROLE, LA SPECIALTY 24CT/CS",CS,42.75,0
796,10079164,0,"KALE, TUSCAN BLACK BREAKER 6/BAG",CS,,0
797,10079165,0,"KIWI, 117CT 20LB/CS",BG,,0
798,10079166,376,"LETTUCE, MACHE EPIC 1LB/PKG",CS,25.42,0
799,10079167,10020,"ONION, RED JUMBO US #1 5LB/CS",CS,4.91,0
800,10079168,10022,"ONION, SWEET WALLA WALLA 5LB/BAG",CS,5.81,0
801,10079169,3213,"POTATO, KENNEBEC US #1 10LB/CS",CS,27.04,0
802,10079170,10043,"POTATO, YAM GARNET 5LB/CS",CS,8.56,0
803,10080943,221,"CUCUMBER, HOT HOUSE LA SPECIALTY 16/18CT/CS#221                                       ",CS,20.8,0
804,10080994,3426,"TOMATO, TOYBOX LA SPECIALTY 12 BK/CS",CS,35.88,0
805,10008710,10643,"GREENS, MUSTARD BABY RED LA SPECIALTY 4LB/CS #433",CS,20.91,0
806,10009167,0,"POTATO, FINGERLING BUTTER US #1 10LB/CS 5569",CS,,0
807,10009113,25610,"POTATO, FINGERLING BUTTER US #1 50LB/CS",CS,78.11,0
808,10009364,56,"ASPARAGUS, JUMBO US #1 11LB/CS",CS,33.91,0
809,10010715,965,"LEEK, JAPANESE TOKYO NEGI 24CT/CS",CS,72.8,0
810,10008602,68,"BEAN, GREEN BLUE LAKE 30LB/CS",CS,42.23,0
812,10009401,215,"CORN, WHITE SWEET FRESH 48/CS",CS,33.28,0
813,10008272,1884,"APPLE, FUJI 48CT WA FANCY 40LB/CS WASHINGTON",CS,39.52,0
814,10009402,30,"ARTICHOKE, 18CT US #1 25LB/CS",CS,29.12,0
815,10010160,124,"BROCCOLI, CROWN US #1 20LB/CS",CS,28.71,0
816,10079055,186,"PEPPER, CHILE SERRANO GREEN #1 10LB/CS",CS,18.72,0
817,10079058,15811,"PEPPER, BELL ASSORTED COLORS BABY 12LB/CS",CS,38.59,0
818,10010362,5979,"CARROT, BABY PEELED RAINBOW MIX 5LB/CS",CS,27.67,0
819,10010146,1474,"HEARTS OF PALM, US #1 1LB",POUNDS - DRY WEIGHT,15.45,0
820,10009036,,"LEEK, RAMP 5LB/CS",CS,,0
821,10008593,0,"DATES, ORGANIC FRESH 11LB/CS #2628",CS,,0
822,10008294,0,"APPLE, HONEYCRISP BABY SINGLE LAYER 8-10LB/CS GET FRESH #9246",CS,,0
823,10008460,19940,"PEAR, BOSC SINGLE LAYER 10LB/CS GET FRESH #8809",CS,32.5,0
824,10009371,,"BROCCOLINI, US #1 18CT 20LB/CS",CS,,0
825,10081282,,"CORN, KERNEL CUT FRESH 4/5LB/CS",CS,,0
826,10081277,,"APPLE, GRANNY SMITH LA SPECIALTY 125-138CT/CS",CS,,0
827,10081278,,"FLOWER, EDIBLE MARIGOLD LA SPECIALTY 50CT/CS",CS,,0
830,10009253,660,"SQUASH, BABY SUMMER GOLD LA SPECIALTY 10LB/CS #660",CS,26,0
831,10081279,,"APPLE, RED X-FANCY 125/138CT",CS,,0
832,10081280,,"PEPPER, BELL VINE SWEETENED 6/1LB/CS",CS,,0
833,10081281,,"POTATO, PEEWEE MIX 5LB/CS",CS,,0
834,10081302,,"PEPPER, ROCOTO LA SPECIALTY 12/1LB/CS #12957",CS,,0
835,10009880,,"CHERVIL, FRESH 1LB/BAG",BG,,0
