﻿BPA Number,BPA Description,Supplier,Supplier Site,Start Date,End date,BPA Frequency
C/LASPC2/MASTER-1,SS FB LA SPEC NVLTY PRD 2 LV W,LA SPECIALTY PRODUCE CO INC DBA VESTA FOODSERVICE,MAIN,6/11/2023,6/17/2023,Weekly
Line Number,Item Number,Supplier Item,Item Description,UOM,Price,Agreement Qty
19,10008346,22983,"BERRY, BLACKBERRY PUDWELL FRAMS 12BK/CS LA SPECIALTY #1096",CS,69.68,0
20,10008347,1114,"BERRY, BLUEBERRY MURRAY FARMS 12BK/CS LA SPECIALTY #1114",CS,72.39,0
91,10008657,130,"CABBAGE, GREEN 18-24CT/CS",CS,21.2,0
102,10015867,21604,"JUICE, GREENS #3 GINGER PRESSED 6/12OZ/CS #21604",CS,24.99,0
104,10008737,3355,"GREENS, FRIZEE BABY X-YELLOW 2LB/CS FAUROT RANCH/SCARBOROUGH LA SPECIALTY #3355",CS,23.4,0
117,10008756,15114,"GREENS, MIZUNA BABY LA SPECIALTY 4LB/CS #1495",CS,20.83,0
127,10008855,18445,"LETTUCE, SORREL RED VEIN 1LB/CS LA SPECIALTY #18445",CS,27.08,0
128,10008857,360,"LETTUCE, BOSTON LA SPECIALTY 24CT/CS LA SPECIALTY #360",CS,19.94,0
143,10009154,831,"POTATO, YUKON GOLD CREAMER LA SPEC 50LB/CS LA SPECIALTY #831",CS,50.44,0
177,10009350,345,"KOHLRABI, GREEN LA SPECIALTY 12CT/CS #345",CS,31.77,0
178,10009350,345,"KOHLRABI, GREEN LA SPECIALTY 12CT/CS #345",CS,31.77,0
281,10009797,6462,"HERB, MICRO THYME LA SPECIALTY 4OZ/PKG #20198",PK,18.91,0
307,10010385,341,"LETTUCE, BABY MIX SPICY LA SPECIALTY 3LB/CS LA SPEC #341",CS,19.27,0
313,10015737,1744,"JUICE, APPLE CIDER ZIEGLERS GAL LA SPECIALTY #18507",GALLONS,12.97,0
318,10015867,21604,"JUICE, GREENS #3 GINGER PRESSED 6/12OZ/CS #21604",CS,24.99,0
325,10008587,1319,"QUINCE, FRUIT FRESH LA SPECIALTY 25LB/CS #1319",CS,52.08,0
