﻿BPA Number,BPA Description,Supplier,Supplier Site,Start Date,End date,BPA Frequency
C/LAGUDI/MASTER-1,SS FB LAGUDI PRODUCE LV W,LAGUDI MARKETING GROUP,MAIN,6/11/2023,6/17/2023,Weekly
Line Number,Item Number,Supplier Item,Item Description,UOM,Price,Agreement Qty
1,10008324,,"BERRY, STRAWBERRY W/STEMS US #1 4FLAT/CS 4/12CT-4/16CT-4/20CT",CS,36.52,0
2,10008329,,"BERRY, BLUEBERRY DRISCOLL US #1 12/6OZ/CS",CS,34.44,0
3,10008334,,"BERRY, STRAWBERRY US #1 8/1LB/CS DRISCOLL",CS,22.52,0
4,10008341,,"BERRY, RASPBERRY US #1 DRISCOLL 12/6OZ/CS",CS,40.44,0
5,10008352,,"BERRY, BLACKBERRY DRISCOLL 12/6OZ/CS GET FRESH #9425",CS,40.44,0
6,10008359,,"LIME, 250CT US #1 40LB/CS",CS,37.69,0
7,10008366,,"LEMON, CHOICE 165CT 40LB/CS",CS,38.15,0
8,10008370,,"LEMON, CHOICE 115CT 40LB/CS",CS,28.65,0
9,10008372,,"LEMON, MEYER 10LB/CS",CS,33.8,0
10,10008374,,"GRAPEFRUIT, RED RUBY STAR 27CT/CS",CS,34.15,0
11,10008376,,"LIME, US #1 200CT 40LB/CS",CS,30.19,0
12,10008385,,"ORANGE, CHOICE 113CT US #1 40LB/CS VALENCIA/NAVEL",CS,32.65,0
13,10008387,,"LEMON, CHOICE 140CT 40LB/CS #1047",CS,34.15,0
14,10008396,,"LIME, 110CT GRADE A GET FRESH 40LB/CS #5870",CS,45.86,0
15,10008403,,"GRAPEFRUIT, FRESH GET FRESH AVG 40-56CT/CS #2336",CS,25.65,0
16,10008413,,"GRAPEFRUIT, RED CALIFORNIA 23CT 35LB/CS",CS,28.15,0
17,10008584,,"AVOCADO, HAAS 40-48CT/CS LAGUDI #1034100800",CS,45.6,0
18,10008607,,"BEAN, FAVA FRESH SHUCKED 5LB/CS",CS,48.73,0
19,10008687,,"CUCUMBER, HOT HOUSE 16CT 15LB/CS",CS,17.52,0
20,10008688,,"CUCUMBER, SUPER SELECT US #1 24-26LB AVG/CS",CS,19.62,0
21,10008796,,"KALE, GREEN LF 24CT/CS",CS,18.69,0
22,10008824,,"LETTUCE, ICEBERG 24CT US #1 50LB/CS",CS,20.85,0
23,10008825,,"LETTUCE, ROMAINE WHOLE 24CT US #1 30LB/CS",CS,19.85,0
24,10008829,,"LETTUCE, BOSTON HYDROPONIC US #1 12CT/CS",CS,25.77,0
25,10008832,,"LETTUCE, SWEET GEM 24CT/CS",CS,24.6,0
26,10008838,,"LETTUCE, BABY MESCLUN STELLAR MIX 3LB/CS",CS,8.23,0
27,10008872,,"LETTUCE, ROMAINE HEART LF 48CT/CS",CS,22.58,0
28,10008873,,"LETTUCE, GREEN LEAF LF 24CT/CS",CS,17.19,0
29,10008996,,"ONION, RED JUMBO US #1 25LB/CS",CS,16.25,0
30,10009005,,"ONION, GREEN LA SPECIALTY 6/BUN",Bunch,18.52,0
31,10009012,,"ONION, YELLOW JUMBO 50LB/BAG",BG,28.15,0
32,10009044,,"PEPPER, BELL GREEN LARGE US #1 25LB/CS",CS,21.35,0
33,10009052,,"PEPPER, BELL RED LARGE US #1 25LB/CS",CS,31.35,0
34,10009056,,"PEPPER, BELL YELLOW 18-20CT 2/5LB/CS",CS,27.5,0
35,10009268,,"TOMATO, 5X6 FULL COLOR 2 LAYER US #1 20LB/CS",CS,20.6,0
36,10009269,,"TOMATO, CHERRY STEMLESS US #1 12LB/FLAT",Flat,19.02,0
37,10009273,,"TOMATO, ROMA MEDIUM SIZE 25LB/CS GF# 2119",Flat,18.6,0
38,10009372,,"CARROT, JUMBO 25LB/BAG",BG,13.77,0
39,10009396,,"CARROT, WHOLE JUMBO 50LB/CS",CS,24.35,0
40,10009565,,"ASPARAGUS, MEDIUM 11/1LB/CS LAGUDI #1034100812",CS,26.76,0
41,10009566,,"ASPARAGUS, LARGE 11/1LB/CS LAGUDI #1034100813",CS,28.76,0
42,10009583,,"SPINACH, BABY US #1 4LB/CS",CS,12.38,0
43,10009635,,"BEET, BABY GOLD WHOLE PEELED W/TOP 5LB/CS GET FRESH #4002",CS,44.3,0
44,10009857,,"CHIVES, FRESH US #1 1LB/BAG",BG,14.63,0
45,10009863,,"BAY LEAF, LA SPECIALTY 1LB/BAG KENTER CANYON/CHIVE FARM #774",BG,22.13,0
46,10009871,,"ROSEMARY, FRESH 1LB/BAG",BG,10.63,0
47,10009876,,"BASIL, FRESH US #1 1LB/BAG",BG,8.13,0
48,10009878,,"CILANTRO, US #1 30/CS",CS,20.27,0
49,10009880,,"CHERVIL, FRESH 1LB/BAG",BG,21.63,0
50,10009881,,"DILL, FRESH 1LB/BAG #D1",BG,7.98,0
51,10009882,,"MARJORAM, FRESH 1LB/BAG",BG,12.63,0
52,10009883,,"MINT, FRESH 1LB/BAG",BG,8.98,0
53,10009884,,"OREGANO, FRESH 1LB/BAG",BG,9.98,0
54,10009885,,"SAGE, FRESH 1LB/BAG",BG,10.63,0
55,10009886,,"TARRAGON, FRESH 1LB/BAG #T1",BG,14.63,0
56,10009887,,"THYME, FRESH 1LB/BAG",BG,8.98,0
57,10009909,,"BASIL, THAI FRESH LA SPECIALTY 1LB/BAG #814",BG,8.98,0
58,10009925,,"BASIL, PETITE",BG,15.13,0
59,10009926,,THYME LEMON LA SPECIALTY 1LB/BAG #901,BG,14.21,0
60,10009929,,"BASIL, THAI FRESH US US #1 15LB/CS",CS,57.13,0
61,10009951,,"PARSLEY, ITALIAN GET FRESH 60CT/CS #1153CS",CS,33.35,0
62,10009958,,"CILANTRO, GET FRESH 6CT/PACK GET FRESH #8720",PK,25.1,0
63,10010051,,"PEAR, DICED 1/4"" WHOLE PEELED GET FRESH 4/5LB/CS #4025",CS,77.4,0
64,10010069,,"APPLE, GALA 6-WAY WHOLE PEELED NATURAL 4/5LB/CS GET FRESH #6017",POUNDS - DRY WEIGHT,3.78,0
65,10010070,,"APPLE, GREEN DICED 3/4""X3/4"" PEELED 4/5LB/CS CORED GET FRESH #2451",CS,74.5,0
66,10010084,,"LEMON, WEDGES 6 WAY CUT 4/5LB TRAY/CS GET FRESH #3052",POUNDS - DRY WEIGHT,2.2,0
67,10010085,,"LEMON, WHEEL 4/5LB TRAY/CS GET FRESH #3057",POUNDS - DRY WEIGHT,2.2,0
68,10010086,,"LIME, WEDGES 4/5LB TRAY/CS GET FRESH #3058",POUNDS - DRY WEIGHT,2.79,0
69,10010090,,"ORANGE, WHEELS 4/5LB TRAY/CS GET FRESH #3048",POUNDS - DRY WEIGHT,1.99,0
70,10010092,,"BERRY, STRAWBERRY DICED 1/3"" 4/5LB TRAY/CS GET FRESH #3852",POUNDS - DRY WEIGHT,8.25,0
71,10010094,,"MANGO, SIDES WHOLE PEELED GET FRESH 4/5LB/CS GET FRESH #2881",POUNDS - DRY WEIGHT,9.48,0
72,10010095,,"PAPAYA, DICED 3/4"" 4/5LB/CS GET FRESH #227",CS,90.8,0
73,10010107,,"APPLE, DICED 3/4"" GALA W/P 4/5LB TRAY/CS WHOLE PEELED GET FRESH #2090",CS,87.4,0
74,10010122,,"PINEAPPLE, CLEAN/PEELED HALVED LB",POUNDS - DRY WEIGHT,2.39,0
75,10010123,,"MELON, WATERMELON PEELED CLEANED HALVED LB",POUNDS - DRY WEIGHT,2.39,0
76,10010125,,"MELON, HONEYDEW PEEL/CLEAN CHUNK 15.75LB/200PAN PEELED/CLEANED CHUNKED",POUNDS - DRY WEIGHT,2.39,0
77,10010126,,"PINEAPPLE, CLEAN/PEELED CHUNKED 15.75LB/200PAN",POUNDS - DRY WEIGHT,2.39,0
78,10010127,,"MELON, CANTALOUPE PEELED/CLEANED HALVED LB",POUNDS - DRY WEIGHT,2.39,0
79,10010128,,"MELON, HONEYDEW PEELED/CLEANED HALVED LB",POUNDS - DRY WEIGHT,2.39,0
80,10010150,,"PEPPER, BELL YELLOW JULIENNE 1/4"" 4/5LB BAG/CS GET FRESH #1236",POUNDS - DRY WEIGHT,3.54,0
81,10010151,,"LETTUCE, ROMAINE HEARTS CHOPPED 4/5LB/CS FRESH EXPRESS NOT ACCEPTABLE",CS,69,0
82,10010163,,"CARROT, CHINESE CUT 4/5LB/BAG/CS",CS,37.6,0
83,10010173,,"ONION, CIPPOLINI PEELED 5LB/BAG",BG,28.52,0
84,10010174,,"ONION, PEARL WHOLE PEELED 5LB/CS",CS,27.77,0
85,10010175,,"ONION, PEARL RED PEELED 5LB/BAG",BG,27.77,0
86,10010178,,"PEAS, ENGLISH SHELLED 5LB/BAG",BG,49.81,0
87,10010180,,"POTATO, RED B QUARTERED 4/5LB/CS",CS,43.4,0
88,10010185,,"CARROT, OBLIQUE CUT 1"" 4/5LB/CS GET FRESH #1909",POUNDS - DRY WEIGHT,1.98,0
89,10010197,,"LETTUCE, ROMAINE CHOPPED 3/4"" HAND CUT 4/5LB/CS GET FRESH #3535",POUNDS - DRY WEIGHT,2.98,0
90,10010211,,"SQUASH, SPAGHETTI HALVED SEEDED SK/ON 4/5LB/CS SKIN ON GET FRESH #2844",POUNDS - DRY WEIGHT,2.12,0
91,10010215,,"CARROT, CUT JULIENNE 1/8"" FRESH 4/5LB/CS",POUNDS - DRY WEIGHT,1.67,0
92,10010217,,"BOK CHOY, CUT BIAS 1/8"" 4/5LB/CS",POUNDS - DRY WEIGHT,3.62,0
93,10010218,,"MUSHROOM, CREMINI QUARTERED 4/5LB/CS",CS,110,0
94,10010220,,"LETTUCE, ROMAINE 1X1 4/5LB/CS GET FRESH #3536",POUNDS - DRY WEIGHT,2.79,0
95,10010221,,"LETTUCE, ICEBERG 1/8"" SHREDDED 4/5LB/CS",CS,45.8,0
96,10010226,,"LETTUCE, ICEBERG CLEANED/TRIMMED 30LB/CS",CS,24.85,0
97,10010231,,"POTATO, SWEET DICED 1/4"" GET FRESH 4/5LB/CS #1551",POUNDS - DRY WEIGHT,2.83,0
98,10010233,,"POTATO, DICED 1/4"" 10LB/CS",CS,24.9,0
99,10010234,,"POTATO, FRIES 3/8"" SLC S/OFF XLONG FRESH 4/5LB/C SLICED KENNEBEC GET FRESH #3539",POUNDS - DRY WEIGHT,2.89,0
100,10010235,,"POTATO, RED C QUARTERED 4/5LB/CS",CS,47.8,0
101,10010239,,"POTATO, IDAHO RUSSET URBANK PEELED 2/10LB/CS",CS,47,0
102,10010258,,"TOMATO, DICED 3/8"" 4/5LB TRAYS/CS",CS,49,0
103,10010260,,"POTATO, YUKON PEELED 2/10LB/CS",POUNDS - DRY WEIGHT,2.06,0
104,10010267,,"SQUASH, BUTTERNUT PEELED FRESH 4/5LB/CS",POUNDS - DRY WEIGHT,3.2,0
105,10010273,,"VEGETABLE, MIX MEDLEY FRESH 4/5LB/CS BROCCOLI FLORETTES/CAULIFLOWER FLORETTES/CHINESE CUT CARROTS, & PATTY PAN SQUASH HALVED",POUNDS - DRY WEIGHT,2.85,0
106,10010291,,"POTATO, GAUFRETTE KENNEBEC GET FRESH 4/5LB/CS #3931",CS,67,0
107,10010313,,"ONION, GREEN CHOPPED 5LB/BAG GET FRESH #1820",POUNDS - DRY WEIGHT,4.85,0
108,10010316,,"SQUASH, BUTTERNUT DICED 1/4"" 4/5LB/CS GET FRESH #4068",CS,69.8,0
109,10010324,,"CARROT, BABY OBLIQUE CUT 4/5LB/CS GET FRESH #4049",CS,38.4,0
110,10010329,,"VEGETABLE, MIX RATATOUILLE BLEND 4/5LB/CS",POUNDS - DRY WEIGHT,2.85,0
111,10010336,,"KALE, GREEN CLEAN & JULIANNED 4/5LB/CS GET FRESH #2683",CS,107.4,0
112,10010338,,"POTATO, SWEET STEW CUT 1"" HC&S 4/5LB/CS HAND CUT & SORTED GET FRESH #3934",CS,59.6,0
113,10010348,,"LETTUCE, SALAD MIX EDR BLEND GET FRESH 4/5LB/CS #5889",CS,51.8,0
114,10010356,,"ONION, RED DICED 1/4"" 4/5LB/CS",CS,37,0
115,10010360,,"CABBAGE, 12-WAY WEDGE CUT 4/5LB/CS",CS,28,0
116,10010364,,"CABBAGE, NAPA SHREDDED 1/8"" 4/5LB/CS",CS,52,0
117,10010366,,"BRUSSEL SPROUTS, SHREDDED 1/4"" 4/5LB/CS",CS,126.2,0
118,10010375,,"LETTUCE, ROMAINE HEARTS TRIMMED 24CT/CS",CS,34.4,0
119,10010395,,"MUSHROOM, PORTABELLO DE-STEM NO GIL 4/2LB/CS GET FRESH #4201",CS,136,0
120,10010401,,"LETTUCE, GREEN LEAF LOOSE US #1 10LB/CS GET FRESH #1967",CS,21.6,0
121,10010414,,"POTATO, YUKON DICED 1""X1"" 4/5LB/CS",CS,44.4,0
122,10010422,,"COLESLAW, MIX W/CARROT 4/5LB/CS",POUNDS - DRY WEIGHT,1.24,0
123,10010428,,"SQUASH, CHAYOTE 1/2"" DICED FRESH 4/5LB/CS GET FRESH #3752",POUNDS - DRY WEIGHT,2.43,0
124,10010440,,"POTATO, RAW SLICED 1/4"" 4/5LB/CS GET FRESH #3818",POUNDS - DRY WEIGHT,2.63,0
125,10010441,,"POTATO, FINGERLING COIN CUT LENGTHWISE 4/5LB/CS",POUNDS - DRY WEIGHT,3.43,0
126,10010453,,"LETTUCE, ICEBERG 1""X1"" CHUNK 4/5LB/CS GET FRESH #2883",POUNDS - DRY WEIGHT,2.29,0
127,10010454,,"LETTUCE, ROMAINE 1/8"" SHREDDED 4/5LB/CS GET FRESH #2697",POUNDS - DRY WEIGHT,2.98,0
128,10010459,,"ONION, RED SLICED RING BURGER 1/8""X2"" 4/5LB/CS",POUNDS - DRY WEIGHT,1.85,0
129,10010463,,"CUCUMBER, DICED 3/8"" 4/5LB/CS GET FRESH #7664",CS,41.8,0
130,10010466,,"POTATO, KENNEBEC CHIP 1/8"" IN WATER 20LB/TUB GET FRESH #4156",Tub,34.6,0
131,10010468,,"MUSHROOM, OYSTER QUARTERED 5LB/CS",POUNDS - DRY WEIGHT,5.45,0
132,10010471,,"POTATO, SWEET DICED 1""X1"" 4/5LB/CS",POUNDS - DRY WEIGHT,2.83,0
133,10010482,,"LETTUCE, SALAD MIX BLEND 4/5LB/CS 40%ROMAINE/50%ICEBERG/10%SPRING GET FRESH #3103",POUNDS - DRY WEIGHT,2.83,0
134,10010520,,"LETTUCE, ICEBERG/ROMAINE MIX 4/5LB/CS W/RED CABBAGE & CARROTS",POUNDS - DRY WEIGHT,2.59,0
135,10010524,,"PARSNIP, DICED 1/2"" HAND CUT SORTED 4/5LB/CS GET FRESH #3713",CS,92.8,0
136,10010525,,"MUSHROOM, BUTTON HALVED HAND CUT 4/2.5LB/CS GET FRESH #1635",CS,47.5,0
137,10010530,,"CILANTRO, DICED 1/5"" NO STEM HANDCUT 4/5LB/CS GET FRESH #2850",POUNDS - DRY WEIGHT,7.87,0
138,10010533,,"TOMATO, WEDGE 12 WAY GET FRESH 4/5LB TRAY/CS #6005",CS,56,0
139,10010536,,"RADISH, RED MATCHSTICK GET FRESH 5LB/BAG #2711",POUNDS - DRY WEIGHT,2.85,0
140,10010542,,"TOMATO, CHERRY HALVED HAND CUT 4/5LB/CS GET FRESH #3555",POUNDS - DRY WEIGHT,4.9,0
141,10010549,,"VEGETABLE, MIX CAFE BLEND GET FRESH 4/5LB/CS 10% WP BABY CARROTS/20% YELLO SQUASH/20% ZUCCHINI STEW CUT/20% CAULIFLOWER FLORETTES/ 30% BROCCOLI FLORETTES #1790",CS,57,0
142,10010556,,"PEPPER, BELL RED 1/4"" JULIENE GET FRESH 4/5LB/CS #1235",CS,57.4,0
143,10010568,,"POTATO, FINGERLING W/P GET FRESH 2/10LB/CS WHOLE/PEELED #3214",CS,179.8,0
144,10010576,,"SQUASH, YELLOW DICED 1/4"" HAND CUT 4/5LB/CS GET FRESH #3091",CS,44.8,0
145,10010577,,"SQUASH, ZUCCHINI DICED 1/4"" HAND CUT 4/5LB/CS GET FRESH #3093",POUNDS - DRY WEIGHT,2.24,0
146,10010578,,"TOMATO, DICED 1/4"" HAND CUT & SORTED 4/5LB/CS GET FRESH #3549",POUNDS - DRY WEIGHT,2.45,0
147,10010580,,"MUSHROOM, PORTABELLA 5"" DEGILLED JULI 4/2LB/CS JULIENNE CUT IN HALF 1/4"" NO STEM GET FRESH #3917",POUNDS - DRY WEIGHT,17,0
148,10010581,,"PEPPER, JALAPENO SLICED 1/4"" GET FRESH 4/5LB/CS #3665",POUNDS - DRY WEIGHT,1.77,0
149,10010626,,"SQUASH, YELLOW BIAS LONG CUT 3/8"" GF 4/5LB/CS GET FRESH #5856",POUNDS - DRY WEIGHT,4.09,0
150,10010627,,"SQUASH, ZUCCHINI BIAS LONG CUT 3/8"" GF 4/5LB/CS GET FRESH #5851",POUNDS - DRY WEIGHT,3.42,0
151,10010643,,"HEARTS OF PALM, SLICED GET FRESH 4/5LB/CS GET FRESH #4893",POUNDS - DRY WEIGHT,13.27,0
152,10010682,,"JICAMA, BATONET 1/2""X1/2""X2"" 4/5LB/CS GET FRESH #2447",CS,73.6,0
153,10010722,,"PEPPER, JALAPENO DICED 3/8"" 4/5LB/CS",CS,35.4,0
154,10010723,,"PEPPER, GOLD DICED 3/8"" 4/5LB/CS",CS,58.8,0
155,10010736,,"LETTUCE, SPRING MIX LF 3LB/CS",CS,8.23,0
156,10010763,,"ONION, YELLOW WHOLE PEELED 5LB/BAG",POUNDS - DRY WEIGHT,1.39,0
157,10010764,,"CELERY, DICED 1/2"" 5LB/BAG",POUNDS - DRY WEIGHT,2.36,0
158,10010765,,"PEPPER, BELL RED DICED 3/8"" 5LB/BAG",POUNDS - DRY WEIGHT,2.87,0
159,10010767,,"ONION, YELLOW DICED 1/4"" 5LB/BAG",POUNDS - DRY WEIGHT,1.39,0
160,10010768,,"VEGETABLE, MIX FAJITA STRIPS FRESH 5LB/BAG",POUNDS - DRY WEIGHT,1.92,0
161,10010769,,"BROCCOLI, FLORETTES 5LB/BAG",POUNDS - DRY WEIGHT,2.69,0
162,10010770,,"CAULIFLOWER, FLORETTES 5LB/BAG",POUNDS - DRY WEIGHT,2.49,0
163,10010771,,"ONON, RED WHOLE PEELED 5LB/BAG",POUNDS - DRY WEIGHT,1.63,0
164,10010772,,"PEPPER, BELL GREEN DICED 3/8"" 5LB/BAG",POUNDS - DRY WEIGHT,2.87,0
165,10010773,,"CELERY, STICKS 5"" 5LB/BAG",POUNDS - DRY WEIGHT,3.54,0
166,10010774,,"CABBAGE, GREEN SHREDDED 3/8"" 5LB/BAG",POUNDS - DRY WEIGHT,1.59,0
167,10010775,,"PEPPER, BELL GREEN JULIENNE 5LB/BAG",POUNDS - DRY WEIGHT,2.87,0
168,10010777,,"ONION, RED JULIENNE 5LB/BAG LAGUDI MFG#",POUNDS - DRY WEIGHT,1.85,0
169,10010778,,"CARROT, DICED 1/4"" 5LB/BAG LAGUDI #",POUNDS - DRY WEIGHT,1.4,0
170,10010779,,"LETTUCE, ROMAINE CUT US #1 2LB/BAG",BG,5.58,0
171,10010783,,"CARROT, SHREDDED 1/8"" LAGUDI 5LB/CS",CS,8.4,0
172,10010784,,"CUCUMBER, SLICED 1/4"" LAGUDI 5LB/CS",CS,10.45,0
173,10010792,,"CARROT, BABY PEELED HAND TURNED W/TOP 5LB/BAG LAGUDI #1034100820",BG,20,0
174,10076235,,"MUSHROOM, SHIITAKE SLICED 1/4"" FRESH 4/2.5LB/CS",CS,106.3,0
175,10076237,,"MUSHROOM, BUTTON QUARTERED 10LB/CS",CS,49.4,0
176,10076238,,"MUSHROOM, SHIITAKE QUARTERED 10LB/CS",CS,118.8,0
177,10079192,,"APPLE, GRANNY SMITH SHREDDED 1/8"" W/SKIN 4/5LB",POUNDS - DRY WEIGHT,4.05,0
178,10079193,,"APPLE, RED DICED WHOLE PEELED 1/2"" 4/5LB",POUNDS - DRY WEIGHT,4.37,0
179,10079194,,"ASPARAGUS, BIAS CUT 1"" 4/5LB",POUNDS - DRY WEIGHT,11.1,0
180,10079195,,"BEET, GOLD DICED 3/4""X3/4"" 4/5LB",POUNDS - DRY WEIGHT,4.05,0
181,10079196,,"BEET, RED DICED 3/4""X3/4"" 4/5LB",POUNDS - DRY WEIGHT,4.05,0
182,10079197,,"BERRY, STRAWBERRY QUARTERED CUT 4/5LB",POUNDS - DRY WEIGHT,8.25,0
183,10079198,,"BOK CHOY, BABY QUARTERED 4/5LB/CS",POUNDS - DRY WEIGHT,3.62,0
184,10079199,,"BROCCOLI, SALAD BAR 1"" 4/5LB/CS",POUNDS - DRY WEIGHT,2.69,0
185,10079200,,"BRUSSEL SPROUTS, CLEANED HALVED 4/5LB/BAG",POUNDS - DRY WEIGHT,4.98,0
186,10079201,,"CABBAGE, GREEN CHIFFONADE FINE SHRED 4/5LB/CS",POUNDS - DRY WEIGHT,1.59,0
187,10079202,,"CABBAGE, RED SHREDDED 1/8"" 4/5LB/BAG",POUNDS - DRY WEIGHT,1.98,0
188,10079206,,"PINEAPPLE, DICED 1/2"" 6/5LB",POUNDS - DRY WEIGHT,2.5,0
189,10079207,,"CARROT, BABY 2"" BIAS CUT 4/5LB/BAG",POUNDS - DRY WEIGHT,1.98,0
190,10079208,,"CARROT, BABY BIA CUT 1/4"" THICK SLICE 4/5LB/BAG",POUNDS - DRY WEIGHT,1.98,0
191,10079209,,"CARROT, BABY COIN CUT 1/4"" THICK SLICE 4/5LB/BAG",POUNDS - DRY WEIGHT,1.98,0
192,10079210,,"CARROT, BABY RAINBOW WHOLE PEELED 4/5LB/CS",POUNDS - DRY WEIGHT,5.85,0
193,10079211,,"CARROT, COIN CUT FRESH 3/8"" THICK 4/5LB/BAG",POUNDS - DRY WEIGHT,1.78,0
194,10079212,,"CARROT, DICED 1""X1"" 4/5LB/BAG",POUNDS - DRY WEIGHT,1.78,0
195,10079213,,"CARROT, JUMBO WHOLE PEELED 4/5LB/BAG",POUNDS - DRY WEIGHT,1.48,0
196,10079214,,"CAULIFLOWER, FLORETTES RAINBOW 4/5LB/CS",POUNDS - DRY WEIGHT,13.75,0
197,10079215,,"CAULIFLOWER, SALAD BAR 1"" 4/5LB/CS",POUNDS - DRY WEIGHT,2.49,0
198,10079216,,"CELERY, CHINESE CUT 4/5LB/BAG",POUNDS - DRY WEIGHT,2.59,0
199,10079217,,"PINEAPPLE, DICED 1/4"" 6/5LB",POUNDS - DRY WEIGHT,2.5,0
200,10079218,,"CUCUMBER, DICED 3/8"" W/SKIN 4/5LB",POUNDS - DRY WEIGHT,1.7,0
201,10079219,,"CELERY, DICED 1/4"" 4/5LB/BAG",POUNDS - DRY WEIGHT,2.36,0
202,10079220,,"CELERY, ROOT DICED 3/4""X3/4"" 4/5LB",POUNDS - DRY WEIGHT,4.44,0
203,10079221,,"CORN, CUT HAND 2"" FRESH 2"" 4/5LB/CS",POUNDS - DRY WEIGHT,3.82,0
204,10079222,,"CORN, KERNEL CUT FRESH 4/5LB/CS",POUNDS - DRY WEIGHT,9.6,0
205,10079223,,"DAIKON, JULIENNE 1/8"" 4/5LB",POUNDS - DRY WEIGHT,2.37,0
206,10079224,,"EGGPLANT, DICED 1""X1"" 4/5LB",POUNDS - DRY WEIGHT,3.17,0
207,10079225,,"FENNEL, DICED 1/4"" 4/5LB",POUNDS - DRY WEIGHT,8.13,0
208,10079226,,"FENNEL, JULIENNE 1/4"" 4/5LB",POUNDS - DRY WEIGHT,8.13,0
209,10079227,,"FRUIT, MEDLEY 1""X1"" CUBED 6/5LB",POUNDS - DRY WEIGHT,2.39,0
210,10079228,,"JICAMA, DICED 1/4""X1/4"" 4/5LB",POUNDS - DRY WEIGHT,2.07,0
211,10079229,,"LEEK, CLEANED/DICED 1X1 4/5LB",POUNDS - DRY WEIGHT,7.25,0
212,10079230,,"LEEK, CLEANED/SLICED 4/5LB",POUNDS - DRY WEIGHT,13.35,0
213,10079231,,"LEEK, JULIENNE 4/5LB",POUNDS - DRY WEIGHT,7.59,0
214,10079232,,"MANGO, DICED 1/4"" HAND CUT 4/5LB",POUNDS - DRY WEIGHT,7.25,0
215,10079233,,"MELON, CANTALOUPE 1/2 DICED HANDCUT 6/5LB",POUNDS - DRY WEIGHT,2.5,0
216,10079234,,"MELON, CANTALOUPE BALLS 6/5LB",POUNDS - DRY WEIGHT,4.89,0
217,10079235,,"MELON, HONEYDEW 1/2 DICED 6/5LB",POUNDS - DRY WEIGHT,2.5,0
218,10079236,,"MELON, HONEYDEW BALLS 6/5LB",POUNDS - DRY WEIGHT,4.89,0
219,10079237,,"MELON, WATERMELON BALLS 6/5LB",POUNDS - DRY WEIGHT,4.89,0
220,10079238,,"MELON, WATERMELON CHUNK 6/5LB",POUNDS - DRY WEIGHT,2.39,0
221,10079239,,"MELON, WATERMELON DICED 3/4"" SEEDLESS 6/5LB",POUNDS - DRY WEIGHT,2.5,0
222,10079240,,"MUSHROOM, CREMINI SLICED 4/5LB",POUNDS - DRY WEIGHT,5.5,0
223,10079241,,"ONION, BRUNOISE 1/8"" HAND CUT 4/5LB",POUNDS - DRY WEIGHT,1.98,0
224,10079242,,"ONION, YELLOW JULIENNE 4/5LB",POUNDS - DRY WEIGHT,1.39,0
225,10079243,,"PARSNIP, PEELED 4/5LB",POUNDS - DRY WEIGHT,4.14,0
226,10079244,,"PEAR, BOSC WEDGE CUT 4/5LB",POUNDS - DRY WEIGHT,3.39,0
227,10079245,,"PEAS, SNOW CLIPPED/CLEANED 4/5LB",POUNDS - DRY WEIGHT,2.89,0
228,10079246,,"PINEAPPLE, DICED 3/4""X3/4"" 6/5LB",POUNDS - DRY WEIGHT,2.5,0
229,10079247,,"PEAS, SUGAR SNAP CLEANED/SNIPPED 4/5LB",POUNDS - DRY WEIGHT,3.69,0
230,10079248,,"PINEAPPLE, SLICED 1/4"" W/SKIN 6/5LB",POUNDS - DRY WEIGHT,2.2,0
231,10079249,,"PINEAPPLE, WEDGE W/SKIN 6/5LB",POUNDS - DRY WEIGHT,2.2,0
232,10079250,,"POTATO, FOIL WRAPPED WASHED 90CT/50LB",POUNDS - DRY WEIGHT,1.35,0
233,10079251,,"POTATO, IDAHO RUSSET PEELED 8 WAY CUT 4/5LB",POUNDS - DRY WEIGHT,2.35,0
234,10079252,,"POTATO, RUSSET WEDGE SKIN ON 4/5LB",POUNDS - DRY WEIGHT,2.25,0
235,10079254,,"POTATO, SWEET PEELED 4/5LB",POUNDS - DRY WEIGHT,2.3,0
236,10079257,,"RUTABAGA, DICED 1/2"" 4/5LB",POUNDS - DRY WEIGHT,3.87,0
237,10079260,,"SQUASH, ACORN GREEN WEDGES 8 WAY 4/5LB",POUNDS - DRY WEIGHT,2.63,0
238,10079261,,"SQUASH, BABY SUNBURST GREEN HALVED 4/5LB",POUNDS - DRY WEIGHT,3.69,0
239,10079263,,"SQUASH, BUTTERNUT DICED 1"" 4/5LB/BAG",POUNDS - DRY WEIGHT,3.49,0
240,10079265,,"SQUASH, YELLOW DICED 1""X1"" 4/5LB",POUNDS - DRY WEIGHT,3.05,0
241,10079266,,"SQUASH, ZUCCHINI BABY HALVED 4/5LB/BAG",POUNDS - DRY WEIGHT,3.69,0
242,10079267,,"SQUASH, ZUCCHINI DICED 1""X1"" 4/5LB/CS",POUNDS - DRY WEIGHT,2.49,0
243,10079268,,"SQUASH, ZUCCHINI JULIENNE 4/5LB",POUNDS - DRY WEIGHT,2.79,0
244,10079269,,"TOMATO, SLICED 1/4"" 4/5LB/CS",POUNDS - DRY WEIGHT,2.85,0
245,10079270,,"TURNIP, DICED 1/2""4/5LB/CS",POUNDS - DRY WEIGHT,2.35,0
246,10079272,,"VEGETABLE, DICED RED/GRN PEPPERS/ONIONS 4/5LB/BG",POUNDS - DRY WEIGHT,2.85,0
247,10079274,,"VEGETABLE, MIX 4 WAY STEW CUT 1"" MACHINE CUT RED/GREEN PEPPERS/ WHITE/RED ONIONS 4/5LB/BG",POUNDS - DRY WEIGHT,2.85,0
248,10079276,,"VEGETABLE, MIX DICED LARGE FRESH ONION/RED/GREEN PEPPER 4/5LB/BG",POUNDS - DRY WEIGHT,2.85,0
249,10079278,,"KALE, TUSCAN 1"" 4/5LB",POUNDS - DRY WEIGHT,6.15,0
250,10079464,,"APPLE, GRANNY WEDGES 12-WAY W/SKIN 4/5LB/CS ",POUNDS - DRY WEIGHT,3.44,0
251,10079465,,"APPLE, GREEN DICED 1/2"" GRANNY SMITH 4/5LB/CS #2837",POUNDS - DRY WEIGHT,4.05,0
252,10079466,,"APPLE, GREEN DICED 1/4"" GRANNY SMITH 4/5LB/CS # 1992                                       ",POUNDS - DRY WEIGHT,4.05,0
253,10079468,,"BEET, RED DICED 1/2""X1/2"" 4/5LB/CS #2802                             ",POUNDS - DRY WEIGHT,4.37,0
254,10079469,,"BEET, YELLOW DICED 1/2""X1/2"" 4/5LB/CS",POUNDS - DRY WEIGHT,4.05,0
255,10079470,,"BEET, YELLOW DICED 3/4""X3/4"" 4/5LB/CS #3939 ",POUNDS - DRY WEIGHT,4.05,0
256,10079472,,"PAPAYA, GREEN MATCHSTICK 1/8""X2"" FRESH 4/5LB/CSSANDY VALLEY #SVGPAPMSTIX",POUNDS - DRY WEIGHT,4.45,0
257,10079474,,"POTATO, YUKON DICED 1/4"" 4/5LB/CS",POUNDS - DRY WEIGHT,2.22,0
258,10079476,,"ONION, WHITE DICED 1/4"" H/C 4/5LB/CS",POUNDS - DRY WEIGHT,1.98,0
259,10010432,,"SQUASH, KABOCHA DICED 1X1 CLEANED 4/5LB/CS",CS,91,0
260,10010691,,"VEGETABLE, STIR FRY CUSTOM 5 WAY HC 25LB/CS GET FRESH 4045 CARROT BROCCOLI CELERY PEABOK CHOY",CS,71.25,0
261,10010351,,"POTATO, YUKON B WEDGE 6 WAY 4/5LB/CS GET FRESH #5872",CS,32.4,0
262,10008680,,"PEPPER, BELL RED JULIENNE 1/8""X2"" GF 4/5LB/CS GET FRESH ORDER BY CASE ONLY",POUNDS - DRY WEIGHT,3.4,0
263,10010602,,"CARROT, BABY TRIMMED HALVED BIAS CUT 5LB BAG GET FRESH #4067BAG",BG,37.5,0
264,10009923,,"BASIL, THAI FRESH W/STEM 1LB/BAG",BG,8.98,0
265,10010510,,"ONION, RED WHOLE PEELED 2/10LB/CS ",POUNDS - DRY WEIGHT,1.63,0
266,10010563,,"VEGETABLE, MIX DICED 1"" GET FRESH 4/5LB/CS SQUASH/EGGPLANT/RED ONION/RED PEPPER/ZUCCHINI/ YELLOW SQUASH #5079",CS,57,0
267,10009035,,"ONION, PEARL CLEANED 5LB/CS",CS,27.77,0
268,10010518,,"SQUASH, CHAYOTE WEDGE 8-WAY CUT 5LB/BAG GET FRESH #3109",POUNDS - DRY WEIGHT,2.43,0
269,10081284,,"PEPPER, RED BELL 1X1 4/5LB/CS",CS,58.4,0
270,10081285,,"PEPPER, GREEN BELL 1X1 4/5LB/CS",CS,57.8,0
271,10081286,,"ONION, RED 1X1 4/5LB/CS",CS,38.4,0
272,10081287,,"VEGETABLE, MIX KALE SLAW 4/5LB/CS KALE, CARROTS, PAPAYA, BROCCOLI, RADICCHIO, RED CABBAGE",CS,79,0
