BPA Number,BPA Description,Supplier,Supplier Site,Start Date,End date,BPA Frequency
C/BTRW1/MASTER-1,SS FB SHETAKIS BUTTER 1 LV W,SHETAKIS WHOLESALERS,MAIN,06/11/2023,06/17/2023,Weekly
Line Number,Item Number,Supplier Item,Item Description,UOM,Price,Agreement Qty
67,10000895,71743,"BUTTER, WUTHRICH 83% EUROSTYLE 36/1LB/CS GRASSLAND DAIRY #3120",CS,115.2,1
68,10000899,71195,"BUTTER, CLARIFIED WUTHRICH 4/5LB/CS #9465",POUNDS - DRY WEIGHT,4.75,1
69,10000900,71197,"BUTTER, CLARIFIED OIL GRASSLAND 40LB/TUB #9440",POUNDS - DRY WEIGHT,,1
70,10000900,71197,"BUTTER, CLARIFIED OIL GRASSLAND 40LB/TUB #9440",POUNDS - DRY WEIGHT,,1
71,10000901,71703,"BUTTER, WHIPPED GRASSLAND 4/5LB/CS #7150",POUNDS - DRY WEIGHT,3.24,1
72,10000904,71744,"BUTTER, COUNTRY CREAM SALTED 30/1LB/CS #2301006",POUNDS - DRY WEIGHT,2.75,1
73,10000905,71745,"BUTTER, COUNTRY CREAM UNSALTED 30/1LB/CS DOMESTIC GRASSLAND #2301007",POUNDS - DRY WEIGHT,2.78,1
74,10000906,71751,"BUTTER, UNSALTED COMMERCIAL 25KG/CS DOMESTIC GRASSLAND #8028",CS,151.25,1
77,10000930,71711,"BUTTER, ISIGNY FLAT SHEET SWEET 10/1KG/CS",CS,164.72,1
