BPA Number,BPA Description,Supplier,Supplier Site,Start Date,End date,BPA Frequency
C/BUTR3/MASTER-1,SS FB SHETAKIS BUTTER 3 LV W,SHETAKIS WHOLESALERS,MAIN,06/11/2023,06/17/2023,Weekly
Line Number,Item Number,Supplier Item,Item Description,UOM,Price,Agreement Qty
75,10000923,71755,"BUTTER, PC CONTINENTAL CHIPS FOIL 1000/.26OZ/CS WRAPPED GRASSLAND #6050",POUNDS - DRY WEIGHT,5.19,1
78,10000931,71765,"BUTTER, PC SALTED AA PUCK BUTTERBALL 288/.5OZ/CS BUTTERBALL #071765",CS,65.84,1
80,10000934,71706,"BUTTER, PC SALTED NON-WHIPPED 720/5GR/CS GRASSLAND #7553",POUNDS - DRY WEIGHT,3.96,1
81,10000935,71747,"BUTTER, PC CONTINENTAL CHIPS FOIL 800/.34OZ/CS WRAPPED GRASSLAND #6000",POUNDS - DRY WEIGHT,5.24,1
82,10000936,71701,"BUTTER, PC SALTED 64CT BUTTERBALL 6/3LB/CS #7435",POUNDS - DRY WEIGHT,5.27,1
83,10000937,71752,"BUTTER, PC CUP WHIPPED GRASSLAND 400/10GR/CS #7060",POUNDS - DRY WEIGHT,4.72,1
84,10000937,71752,"BUTTER, PC CUP WHIPPED GRASSLAND 400/10GR/CS #7060",CS,41.6,1
