BPA Number,BPA Description,Supplier,Supplier Site,Start Date,End date,BPA Frequency
C/DTBEEF/MASTER-1,SS FB BEEF PROGRAM DT W,SOCIOS HOLDINGS INC,MAIN,6/11/2023,6/17/2023,Weekly
Line Number,Item Number,Supplier Item,Item Description,UOM,Price,Agreement Qty
5,10011560,,"BEEF, BRISKET BNLS FRESH USDA CHOICE 85LB/AVG/CS MBG #120 BONELESS 8PCE SOCIOS HOLDING #102420",POUNDS - DRY WEIGHT,4.09,0
7,10011566,,"BEEF, STRIPLOIN 1X1 BNLS USDA CHOICE 85LB/AVG/CS MBG #180 BONELESS 5PCE SOCIOS HOLDING #137420",POUNDS - DRY WEIGHT,11.09,0
9,10011569,,"BEEF, TENDERLOIN 5UP USDA SELECT 85LB/AVG/CS MBG #189A FRESH FULL SIDE MUSCLE ON DEFATTED 12PCE SOCIOS HOLDING #144030",POUNDS - DRY WEIGHT,16.09,0
11,10011582,,"BEEF, RIBEYE BNLS USDA CHOICE ANGUS 80LB/AVG/CS MBG #112A 5PCE FRESH LIP ON SOCIOS HOLDING #115250",POUNDS - DRY WEIGHT,12.25,0
12,10011584,,"BEEF, FLANK STEAK FRESH USDA CHOICE 75LB/AVG/CS MBG #193 FRESH SOCIOS HOLDING #109120",POUNDS - DRY WEIGHT,10.99,0
13,10011585,,"BEEF, CHUCK FLAP SHORT RIB USDA CHOICE 60LB/AVG MBG #130A BONELESS FRESH SOCIOS HOLDING #103520",POUNDS - DRY WEIGHT,10.29,0
14,10011595,,"BEEF, RIBEYE STEAK SLICED THIN BULK 10LB/CS FROZEN WOLVERINE SOCIOS #190401",CS,56,0
16,10011663,,"BEEF, TENDERLOIN 5UP USDA CHOICE ANGUS 72LB/CS MBG #189A FRESH SOCIOS HOLDINGS #143650",POUNDS - DRY WEIGHT,17.25,0
17,10011843,,"BEEF, TENDERLOIN C/C USDA SELECT FRESH 24/7OZ/CS MBG #1190A CENTER CUT SOCIOS #107830",POUNDS - DRY WEIGHT,31.95,0
18,10011844,,"BEEF, STRIPLOIN BNLS C/C USDA CHOICE 14/12OZ/CS MBG #1180 FRESH 1""TAIL CENTER CUT NO VEIN SOCIOS #116720",POUNDS - DRY WEIGHT,15.75,0
20,10011849,,"BEEF, RIBEYE BNLS USDA CHOICE FRESH 14/12OZ/CS MBG #1112A BONELESS SOCIOS HOLDINGS #125420",POUNDS - DRY WEIGHT,16.59,0
21,10011901,,"BEEF, PATTY 2/1 80/20 LEAN TO FAT FROZEN 20LB/CS MBG #1136 WOLVERINE #99738821 SOCIOS #100471",POUNDS - DRY WEIGHT,5.09,0
22,10011914,,"BEEF, BONES MARROW 6"" SPLIT FROZEN 50LB/AVG/CS SOCIOS HOLDING #186220",POUNDS - DRY WEIGHT,2.99,0
23,10011915,,"BEEF, BONES FEMUR WHOLE FROZEN 50LB/AVG/CS MBG #134 SOCIOS HOLDING #100101",POUNDS - DRY WEIGHT,3.69,0
24,10011916,,"BEEF, PATTY 75/25 GROUND FRESH 53/3OZ/CS SOCIOS HOLDING #152200",POUNDS - DRY WEIGHT,3.79,0
25,10011936,,"BEEF, CORNED BRISKET USDA SELECT RAW 3/15LB/CS MBG #120 FRESH 40% OF SOLUTION SOCIOS #506200",POUNDS - DRY WEIGHT,5.49,0
27,10011945,,"BEEF, PATTY SQUARE CBS FRESH 40/4OZ/CS MBG #1136 CHUCK 33% BRISKET 33% SIRLOIN 33% SOCIOS HOLDINGS #100195",POUNDS - DRY WEIGHT,5.39,0
28,10011978,,"BEEF, GROUND 80/20 CHUCK COURSE FRESH 40LB/CS MBG #136 FRESH SOCIOS #110400",POUNDS - DRY WEIGHT,3.69,0
29,10011982,,"BEEF, CHUCK FLAP DICED 1""X1"" USDA CHOICE 40LB/CS MBG #135 FRESH BONELESS SHORT RIB SOCIOS #100466",POUNDS - DRY WEIGHT,12.99,0
32,10011994,,"BEEF, CHUCK PECTORAL USDA SELECT STIR FRY 40LB/C MBG #115D FRESH 1/4""THICK 3-4""LONG NO-MARINADE SOCIOS HOLDINGS #134420",POUNDS - DRY WEIGHT,6.99,0
33,10011999,,"BEEF, FLANK SLICED 1/4""X2"" USDA CHOICE 40LB/CS FRESH SOCIOS #100534",POUNDS - DRY WEIGHT,13.89,0
