BPA Number,BPA Description,Supplier,Supplier Site,Start Date,End date,BPA Frequency
C/CHEESW/MASTER-1,SS FB CHEESE LV W,SHETAKIS WHOLESALERS,MAIN,06/11/2023,06/17/2023,Weekly
Line Number,Item Number,Supplier Item,Item Description,UOM,Price,Agreement Qty
1,10000421,602200,"CHEESE, RICOTTA SALATA 6LB/AVG/PC",POUNDS - DRY WEIGHT,3.19,1
2,10000426,602883,"CHEESE, CHEDDAR MILD .75OZ SLC GOSSNER 10/1LB/CS SLICE #2037503",CS,27.3,1
3,10000433,602884,"CHEESE, PEPPER JACK .75OZ SLC GOSSNER 10/1LB/CS SLICE #7507503",CS,30.6,1
4,10000439,602445,"CHEESE, RICOTTA WM 75 BELGIOIOSO 4/5LB/CS #00195",POUNDS - DRY WEIGHT,2.71,1
9,10000484,602031,"CHEESE, CHEDDAR MILD SHRED FINE 4/5LB/CS CHEFS CHOICE",CS,40.8,1
10,10000487,602190,"CHEESE, MASCARPONE 4/5LB/CS",POUNDS - DRY WEIGHT,3.99,1
11,10000504,602166,"CHEESE, FETA SAPUTO 27LB/PAIL #984427",POUNDS - DRY WEIGHT,3.19,1
13,10000515,602199,"CHEESE, MOZARELLA LOG SLICED GALBANI 6/12OZ/CS 15/.8OZ SLICES #81845",CS,28.88,1
20,10000562,602107,"CHEESE, MONTEREY PEPPER JACK LOAF CHEFS 2/5LB/CS CHEFS CHOICE #700027",POUNDS - DRY WEIGHT,2.08,1
21,10000564,602035,"CHEESE, CHEDDAR YELLOW SHARP LOAF CHEFS 2/5LB/CS WISCONSIN CHEFS CHOICE #700006",POUNDS - DRY WEIGHT,2.23,1
22,10000565,602028,"CHEESE, CHEDDAR YELLOW MILD SHRD CHEFS 4/5LB/CS SHREDDED CHEFS CHOICE #700010",POUNDS - DRY WEIGHT,2.01,1
23,10000566,,"CHEESE, CHEDDAR YELLOW LOAF CHEF CHOICE 8/5LB/CS #700001",POUNDS - DRY WEIGHT,,1
24,10000567,602667,"CHEESE, SWISS SLICED 160CT GOSSNER 10/1LB/CS #1047526",POUNDS - DRY WEIGHT,3.8,1
25,10000568,602090,"CHEESE, CHEDDAR YELLOW CUBED CHEFS 2/5LB/CS CHEFS CHOICE #700030",POUNDS - DRY WEIGHT,2.89,1
26,10000570,602056,"CHEESE, CHEDDAR/JACK 50/50 SHRD 4/5LB/CS BLEND SHREDDED CHEFS CHOICE #700015",POUNDS - DRY WEIGHT,1.96,1
27,10000571,602040,"CHEESE, MONTEREY JACK SHRD CHEFS CHOICE 4/5LB/CS SHREDDED #700009",POUNDS - DRY WEIGHT,1.96,1
28,10000567,602667,"CHEESE, SWISS SLICED 160CT GOSSNER 10/1LB/CS #1047526",POUNDS - DRY WEIGHT,3.8,1
29,10000618,602122,"CHEESE, MOZZARELLA WHL MILK BLK GALBANI 8/5LB/CS WHOLE BLOCK PROFESSIONALE LOW MOISTURE DOMESTIC",POUNDS - DRY WEIGHT,2.23,1
30,10000619,602794,"CHEESE, BLUE GALBANI FOIL WHEEL 6.5LB/EA PROFESSIONALE DOMESTIC GALBANI #1028610",POUNDS - DRY WEIGHT,3.91,1
31,10000620,602017,"CHEESE, MOZZARELLA WHL MILK SHRD GALBANI 6/5LB/C WHOLE MILK REGULAR SHREDDED PROFESSIONALE",POUNDS - DRY WEIGHT,2.1,1
33,10000622,602114,"CHEESE, PROVOLONE UNSMK BLK GALBANI 3/12LB/CS UNSMOKE BLOCK GALBANI PROFESSIONALE DOMESTIC",POUNDS - DRY WEIGHT,2.16,1
34,10000623,602125,"CHEESE, PROVOLONE SMK GALBANI 3/12LB/CS SMOKED PROFESSIONALE DOMESTIC GALBANI #151240",POUNDS - DRY WEIGHT,3.15,1
35,10000624,602123,"CHEESE, MOZZARELLA PART SKIM GALBANI BLK 8/5LB/C BLOCK WHEEL PART SKIM LOW MOISTURE",POUNDS - DRY WEIGHT,1.91,1
41,10000633,602130,"CHEESE, SWISS SINGLE CUT LOAF GOSSNER 6/8LB/CS GRADE A DOMESTIC GOSSNER #1013002",POUNDS - DRY WEIGHT,3.6,1
42,10000634,602133,"CHEESE, AMERICAN YLO SLC 160CT SCHREIBER 4/5LB/C YELLOW SLICED DOMESTIC SCHREIBER #13623",POUNDS - DRY WEIGHT,2.22,1
44,10000636,602174,"CHEESE, BLUE CRUMBLES DOMESTIC STELLA 4/5LB/CS STELLA #20301",POUNDS - DRY WEIGHT,3.82,1
45,10000637,602886,"CHEESE, MONTERY JACK SLC .75OZ GOSSNER 10/1LB/CS GOSSNER #6057525",POUNDS - DRY WEIGHT,2.75,1
47,10000639,602073,"CHEESE, ASST CHD/SWISS/COLBY/PPR JACK CC 4/5LB/C CHEDDAR/PEPPER JACK CHEFS CHOICE #700008",POUNDS - DRY WEIGHT,3.42,1
48,10000640,602037,"CHEESE, CHEDDAR WHITE LOAF CHEFS CHOICE 2/5LB/CS DOMESTIC CHEFS CHOICE #700023",POUNDS - DRY WEIGHT,2.11,1
49,10000641,602111,"CHEESE, PEPPER JACK SHRD CHEFS CHOICE 4/5LB/CS SHREDDED DOMESTIC CHEFS CHOICE #70051",POUNDS - DRY WEIGHT,2,1
50,10000642,602890,"CHEESE, AMERICAN WHT SLC 160CT SCHREIBER 4/5LB/C WHITE SLICED DOMESTIC SCHREIBER #8405",POUNDS - DRY WEIGHT,2.24,1
51,10000643,602116,"CHEESE, MUENSTER LOAF DOM GOSSNER 6/6LB/AVG/CS DOMESTIC GOSSNER #8504101",POUNDS - DRY WEIGHT,2.38,1
52,10000644,602887,"CHEESE, MUENSTER SLC .75OZ DOM GOSSNER 10/1LB/CS SLICED DOMESTIC GOSSNER #8557503",POUNDS - DRY WEIGHT,2.9,1
53,10000645,602170,"CHEESE, FETA CRUMBLES DOMESTIC STELLA 4/5LB/CS STELLA #98500",POUNDS - DRY WEIGHT,3.49,1
54,10000660,602380,"CHEESE, AMERICAN YELLOW SLC 96CT 4/5LB/CS SCHREIBER #STK13630",POUNDS - DRY WEIGHT,2.28,1
56,10000694,602196,"CHEESE, ASIAGO 24LB/CS",POUNDS - DRY WEIGHT,4.71,1
