﻿BPA Number,BPA Description,Supplier,Supplier Site,Start Date,End date,BPA Frequency
C/SALMW/MASTER-1,SS FB SALMON PROGRAM LV W,PORT OF CALL PROVISIONS,MAIN,6/12/2023,6/17/2023,Weekly
Line Number,Item Number,Supplier Item,Item Description,UOM,Price,Agreement Qty
1,10010804,,"FISH, SALMON ATLANTIC WHOLE S&G H/ON 12-14LB/EA SCALED GUTTED HEAD ON FARMED N. AMERICA",POUNDS - DRY WEIGHT,$4.85 ,0
2,10010805,,"FISH, SALMON ATLANTIC WHOLE S&G H/ON 14-16LB/EA SCALED GUTTED HEAD ON FARMED N. AMERICA",POUNDS - DRY WEIGHT,$4.90 ,0
3,10045596,,"FISH, SALMON ATLANTIC WHOLE S&G H/ON 10-12LB/EA SCALED GUTTED HEAD ON FARMED NORTH AMERICA",POUNDS - DRY WEIGHT,$4.85 ,0
4,10045597,,"FISH, SALMON ATLANTIC FILLET S/O PBO IS 4-5LB/EA D TRIM SKIN ON PIN BONE OUT FARMED N. AMERICA",POUNDS - DRY WEIGHT,$7.43 ,0
5,10045598,,"FISH, SALMON ATLANTIC EE S/OF PBO PANNED 3OZ/EA END TO END SKIN OFF SHEET PAN & SPEED RACK PIN BONE OUT FARMED N. AMERICA ADDED LABOR CHARGE TO LB PRICE",POUNDS - DRY WEIGHT,$8.95 ,0
6,10045599,,"FISH, SALMON ATLANTIC EE S/OF PBO PANNED 4OZ/EA END TO END SKIN OFF SHEET PAN & SPEED RACK PIN BONE OUT FARMED N. AMERICA ADDED LABOR CHARGE TO LB PRICE",POUNDS - DRY WEIGHT,$8.95 ,0
7,10045600,,"FISH, SALMON ATLANTIC FILLET S/OFF D TR 4-5LB/EA D TRIM SKIN OFF PIN BONE OUT FARMED N. AMERICA",POUNDS - DRY WEIGHT,$7.66 ,0
8,10045601,,"FISH, SALMON ATLANTIC EE S/OF PBO PANNED 5OZ/EA END TO END SKIN OFF SHEET PAN & SPEED RACK PIN BONE OUT FARMED N. AMERICA ADDED LABOR CHARGE TO LB PRICE",POUNDS - DRY WEIGHT,$8.95 ,0
9,10045602,,"FISH, SALMON ATLANTIC EE S/OF PBO PANNED 6OZ/EA END TO END SKIN OFF SHEET PAN & SPEED RACK PIN BONE OUT FARMED N. AMERICA ADDED LABOR CHARGE TO LB PRICE",POUNDS - DRY WEIGHT,$8.95 ,0
10,10045603,,"FISH, SALMON ATLANTIC EE S/OF PBO PANNED 7OZ/EA END TO END SKIN OFF SHEET PAN & SPEED RACK PIN BONE OUT FARMED N. AMERICA ADDED LABOR CHARGE TO LB PRICE",POUNDS - DRY WEIGHT,$8.95 ,0
11,10045604,,"FISH, SALMON ATLANTIC EE S/OF PBO PANNED 8OZ/EA END TO END SKIN OFF SHEET PAN & SPEED RACK PIN BONE OUT FARMED N. AMERICA ADDED LABOR CHARGE TO LB PRICE",POUNDS - DRY WEIGHT,$8.95 ,0
12,10010873,,"FISH, SALMON ATLANTIC FILLET S/OFF PBO 4-5LB/EA C TRIM SKIN OFF PIN BONE OUT FARMED N. AMERICA",POUNDS - DRY WEIGHT,$7.66 ,0
13,10010875,,"FISH, SALMON ATLANTIC FILLET S/ON PBO 4-5LB/EA C TRIM SKIN ON PIN BONE OUT FARMED N. AMERICA",POUNDS - DRY WEIGHT,$7.11 ,0
14,10010877,,"FISH, SALMON ATLANTIC PORTION CC S/OF PBO 6OZ/EA CENTER CUT SKIN OFF PIN BONE OUT NORTH AMERICA",POUNDS - DRY WEIGHT,$9.89 ,0
15,10045605,,"FISH, SALMON ATLANTIC PORTION EE S/OF PBO 6OZ/EA END TO END SKIN OFF PIN BONE OUT NORTH AMERICA",POUNDS - DRY WEIGHT,$8.65 ,0
16,10010893,,"FISH, SALMON ATLANTIC FILLET S/ON C-TRM 5-7LB/EA SKIN ON PIN BONE OUT FARMED NORTH AMERICA",POUNDS - DRY WEIGHT,$7.11 ,0
17,10045606,,"FISH, SALMON ATLANTIC PORTION EE S/OFF PBO 1.5OZ END TO END SKIN OFF PIN BONE OUT FARMED NORTH AMERICA",POUNDS - DRY WEIGHT,$8.65 ,0
18,10010906,,"FISH, SALMON ATLANTIC FILLET S/O C-TRIM 3-4LB/EA SKIN ON PIN BONE OUT FARMED NORTH AMERICA",POUNDS - DRY WEIGHT,$7.04 ,0
19,10010907,,"FISH, SALMON ATLANTIC FILLET S/OFF C-TR 3-4LB/EA C TRIM SKIN OFF PIN BONE OUT FARMED NORTH AMERICA",POUNDS - DRY WEIGHT,$7.58 ,0
20,10045607,,"FISH, SALMON ATLANTIC FILLET S/O D-TRIM 3-4LB/EA SKIN ON PIN BONE OUT FARMED NORTH AMERICA",POUNDS - DRY WEIGHT,$7.35 ,0
21,10045608,,"FISH, SALMON ATLANTIC FILLET S/OFF D-TR 3-4LB/EA D TRIM SKIN OFF PIN BONE OUT FARMED NORTH AMERICA",POUNDS - DRY WEIGHT,$7.95 ,0
22,10010908,,"FISH, SALMON ATLANTIC PORTION CC S/O PBO 8OZ/EA CENTER CUT SKIN ON PIN BONE OUT FARMED NORTH AMERICA",POUNDS - DRY WEIGHT,$8.97 ,0
23,10010909,,"FISH, SALMON ATLANTIC PORTION CC S/OF PBO 8OZ/EA CENTER CUT SKIN OFF PIN BONE OUT FARMED NORTH AMERICA",POUNDS - DRY WEIGHT,$9.89 ,0
24,10045609,,"FISH, SALMON ATLANTIC PORTION EE S/O PBO 8OZ/EA END TO END SKIN ON PIN BONE OUT FARMED NORTH AMERICA",POUNDS - DRY WEIGHT,$7.95 ,0
25,10045610,,"FISH, SALMON ATLANTIC PORTION EE S/OF PBO 8OZ/EA END TO END SKIN OFF PIN BONE OUT FARMED NORTH AMERICA",POUNDS - DRY WEIGHT,$9.89 ,0
28,10010911,,"FISH, SALMON ATLANTIC PORTION EE S/OF PBO 4OZ/EA END TO END SKIN OFF PIN BONE OUT FARMED NORTH AMERICA",POUNDS - DRY WEIGHT,$8.65 ,0
31,10010914,,"FISH, SALMON ATLANTIC PORTION EE S/OF PBO 3OZ/EA END TO END SKIN OFF PIN BONE OUT FARMED NORTH AMERICA",POUNDS - DRY WEIGHT,$8.65 ,0
32,10010915,,"FISH, SALMON ATLANTIC PORTION EE S/OF PBO 5OZ/EA END TO END SKIN OFF PIN BONE OUT FARMED NORTH AMERICA",POUNDS - DRY WEIGHT,$8.65 ,0
33,10045611,,"FISH, SALMON ATLANTIC PORTION CC S/OF PBO 2OZ/EA CENTER CUT SKIN OFF PIN BONE OUT FARMED NORTH AMERICA",POUNDS - DRY WEIGHT,$9.89 ,0
