﻿BPA Number,BPA Description,Supplier,Supplier Site,Start Date,End date,BPA Frequency
DTPRDCCP/MASTER-1,SS FB DEL BENE PRODUCE DT W,DEL BENE PRODUCE INC,MAIN,6/11/2023,6/17/2023,Weekly
Line Number,Item Number,Supplier Item,Item Description,UOM,Price,Agreement Qty
2,10000100,10524,"CREME, FRAICHE VERMONT CREAMERY 12/8 OZ/CS #VTBC",CS,57,0
4,10000385,18205,"YOGURT, GREEK FAGE 6/1KG/CS",CS,53,0
6,10000424,17649,"CHEESE, CHEDDAR SHARP TILLAMOOK 2/5LB/CS",CS,69.35,0
7,10000700,15456,"CHEESE, HAVARTI LOAF 9LB/AVG/CS PLUMROSE BRAND UNACCEPABLE",POUNDS - DRY WEIGHT,9.32,0
8,10000786,10384,"CHEESE, BRIE MINI GORDON 12/4OZ/CS #M100",BX,49.8,0
9,10000804,10393,"CHEESE, COTSWOLD 2/5LB/CS",POUNDS - DRY WEIGHT,12.72,0
13,10001689,14442,"CRACKER, CARRS WATER 24/2.2OZ/CS #57306",CS,53.15,0
14,10001959,17180,"CHIPS, TORTILLA WHITE TACO PER-CUT 30LB/CS LA MICHOACANA #17180",CS,39.9,0
15,10002061,12070,"CAPER, NONPAREIL ROLAND 12/16OZ/CS #70038",CS,110.4,0
16,10002111,14242,"CAPERS, IN SALT 6/2.2LB/CS",CS,31.2,0
17,10002120,11637,"PEPPER, PEPPERONCINI 4/1GAL/CS",CS,36.95,0
18,10002161,10282,"ARTICHOKE, STEMMED MARINATED HERBS 6/#10/CS",CS,223.5,0
19,10002163,12681,"TOMATILLO, WHOLE DEL SOL 6/#10/CS",CS,43.9,0
20,10002178,10636,"CORN, BABY WHOLE 150-180CT 6/#10/CS",CS,64,0
21,10002256,17141,"PICKLE, LEBANESE WHOLE 1/#10/EA",Each,17,0
22,10002260,12647,"PICKLE, SPEAR DILL GOLDEN TOPORS 5GAL/TUB #12647",Tub,31.77,0
23,10002333,10275,"TOMATO, RED ROASTED DIVINA 6/64OZ/CS",CS,162,0
24,10002359,14291,"TOMATO, ITALIAN PEELED IN JUICE CIAO 12/28OZ/CS #13616",CS,47.7,0
25,10002494,11374,"OLIVE, MIXED GREEN/BLACK/PURPLE 4.4LB/CS MEDITERRANEAN MIX #N-04114P",CS,70.8,0
29,10002577,14318,"SEED, PUMPKIN RAW PEPITAS 1LB/BAG",POUNDS - DRY WEIGHT,5.5,0
30,10002579,10511,"SEED, PUMPKIN RAW 5LB/BOX",BX,26.75,0
33,10002708,17896,"NUT, MIXED DELUXE ROASTED SALTED DCN 5LB/CS NO PEANUT DETROIT CITY NUT #86093",POUNDS - DRY WEIGHT,8,0
34,10002719,11298,"NUT, WALNUT HALVES 5LB/CS DEL BENE #11298",CS,26.75,0
36,10002885,12830,"MUSTARD, WHOLE GRAIN FALLOT 11LB/TUB",Tub,32.15,0
39,10003013,12251,"VINEGAR, RICE WINE 4/1GAL/CS",CS,70.7,0
41,10003031,12245,"VINEGAR, BALSAMIC WHITE ITALY ROLAND 2/5LTR/CS #70490",CS,41.05,0
42,10003032,17171,"VINEGAR, SHERRY WINE LA POSADO 12/25OZ/CS",CS,177.9,0
43,10003034,13062,"VINEGAR, CHAMPAGNE LA MARNE 6/25OZ/CS",CS,63.55,0
44,10003094,12244,"VINEGAR, BALSAMIC WHITE VIDO 2/1GAL/CS MB #73824",CS,41.05,0
45,10003136,10743,"RAISIN, GOLDEN 30LB/CS",CS,94,0
46,10003177,15247,"RAISIN, GOLDEN 5LB/CS",POUNDS - DRY WEIGHT,3.25,0
47,10003185,15050,"BERRY, CRANBERRY DRIED OCEAN SPRAY 25LB/CS SWEETENED #32797",CS,86.7,0
48,10003193,10744,"RAISIN, BLACK SEEDLESS 30LB/BOX",BX,77.6,0
49,10003194,15447,"TOMATO, SUNDRIED JULIENNE AMBROSIA 5LB/BAG #SFI-5230",BG,21.5,0
52,10003267,15913,"HIBISCUS, DRIED 1.5LB/BAG DEL BENE #15913",BG,34.16,0
53,10003287,11095,"SEASONING, MAGGI 6/27OZ/CS #72306",CS,67.95,0
54,10003297,12035,"SPICE, MUSTARD DRY POWDER COLEMANS 12/16OZ/CS ENGLISH",CS,149.9,0
55,10003312,13066,"SPICE, NUTMEG WHOLE 1LB/JAR",Each,24.71,0
57,10003316,12084,"SPICE, PEPPERCORN GREEN IN BRINE 24/3.5OZ/CS",CS,71.8,0
59,10003578,16074,"SPICE, TACO SEASONING RED GOOSE 6LB/JAR #16055",Jar,31.75,0
60,10003616,12076,"SALT, COURSE RED LA BALEINE 12/26OZ/CS",CS,57.45,0
61,10003645,14031,"SPICE, CHILI HABANERO POWDER 20OZ/BAG #CHIL15-S",BG,25,0
62,10003704,13005,"SPICE, MUSTARD SEED 5LB/JAR",Jar,36.33,0
63,10003706,12915,"SPICE, ANCHO CHILI POWDER 5LB/EA",Each,41.94,0
64,10003757,12923,"SEASONING, ITALIAN SPICE RED GOOSE 2LB/EA #336-L",Each,18.56,0
68,10003868,13019,"SPICE, SUMAC DRY GROUND 1 LB/JAR DEL BENE # 13019",Jar,12.57,0
72,10003990,19265,"SEASONING, HOT FAT DADDY'S 40LB/CS #19265",CS,256.75,0
73,10003991,19270,"SEASONING, FRY FAT DADDY'S 40LB/CS #19270",CS,335,0
74,10003992,19271,"SEASONING, EXTRA HOT FAT DADDY'S 20LB/CS #19271",CS,286.2,0
75,10003993,19272,"SEASONING,TOO DAMN HOT FAT DADDY'S 40LB/CS #19272",CS,674.2,0
76,10004078,10307,"FOOD COLOR, CARAMEL QT",QUARTS,10.95,0
82,10004618,11884,"SAUCE, HOISIN LEE KUM KEE 12/20OZ/CS #1800720004",CS,11.2,0
83,10005044,14564,"SYRUP, MOLASSES POMEGRANATE 12/14OZ/CS",CS,131.4,0
84,10005115,12153,"SYRUP, MAPLE PURE MICHIGAN 1 GALLON EA BARNABY FARMS #12153",GALLONS,60,0
86,10005552,12301,"YEAST, FRESH RED STAR COMPRESSED 20/1LB/CS #00917958",CS,61.75,0
87,10006340,12901,"WRAPPER, WONTON WING HING 12/14OZ/CS",CS,34,0
88,10006379,19648,"PASTE, CHILI OELEK SAMBAL H-FANG 4/8.5LB/CS #08769",CS,133.35,0
90,10006455,16596,"GINGER, CHOPPED IN WATER 12/4.25OZ/CS CHRISTOPHER RANCH #GGN703",CS,22.5,0
93,10006680,12856,"OIL, OLIVE EXTRA VIRGIN 20LB/CS",CS,164.2,0
97,10008272,,"APPLE, FUJI 48CT WA FANCY 40LB/CS WASHINGTON",CS,61.46,0
99,10008275,10050,"APPLE, GRANNY SMITH 88CT WA XFANCY 40LB/CS",CS,55.21,0
100,10008279,10041,"APPLE, GOLDEN DELICIOUS 125CT 40-50LB/CS",CS,55.21,0
101,10008281,10058,"APPLE, RED DELICIOUS 125CT WA XFANCY 40LB/CS WASHINGTON",CS,43.75,0
103,10008288,12566,"APPLE, HONEYCRISP NY 40LB/CS",CS,92.19,0
104,10008317,10112,"BANANA, FULLRIPE 40LB/CS",CS,26.04,0
107,10008323,15053,"BERRY, CRANBERRY 24/12OZ/CS",CS,0,0
108,10008324,10200,"BERRY, STRAWBERRY W/STEMS US #1 4FLAT/CS 4/12CT-4/16CT-4/20CT",CS,0,0
109,10008325,10199,"BERRY, STRAWBERRY CLAMSHELL US #1 8LB/CS 8/1LB-4/2LB-2/4LB",CS,23.44,0
110,10008329,10194,"BERRY, BLUEBERRY DRISCOLL US #1 12/6OZ/CS",CS,30.47,0
111,10008333,10192,"BERRY, BLACKBERRY US #1 12/8OZ/CS",CS,26.04,0
112,10008334,10199,"BERRY, STRAWBERRY US #1 8/1LB/CS DRISCOLL",CS,23.44,0
113,10008341,10195,"BERRY, RASPBERRY US #1 DRISCOLL 12/6OZ/CS",CS,30.21,0
116,10008372,15054,"LEMON, MEYER 10LB/CS",CS,51.5,0
117,10008376,11088,"LIME, US #1 200CT 40LB/CS",CS,26.82,0
120,10008389,11418,"ORANGE, NAVEL US#1 88CT/CS",CS,36.46,0
121,10008392,11043,"LEMON, CHOICE 200CT 40LB/CS GET FRESH #1179",CS,36.98,0
122,10008417,12795,"GRAPE, RED SEEDLESS US #1 18LB/CS",LUG,63.02,0
123,10008418,12774,"GRAPE, GREEN SEEDLESS US #1 18LB/CS",LUG,63.02,0
124,10008424,11134,"MELON, HONEYDEW 5CT US #1 28LB/CS",CS,26.47,0
125,10008429,11128,"MELON, CANTALOUPE 9CT US #1 40LB/CS",CS,25.17,0
126,10008435,11138,"MELON, WATERMELON SEEDLESS 4CT 65LB/AVG/CS",CS,44.27,0
128,10008450,11612,"PEAR, BOSC #1 80-90CT/CS",CS,0,0
129,10008453,12583,"PEAR, ASIAN 10-12CT/CS",CS,44.27,0
130,10008457,12591,"PEAR, BOSC 40LB/CS",CS,64.58,0
132,10008480,19153,"PEACH, HAND SELECTED SINGLE LAYER 56CT/CS",CS,32.29,0
135,10008494,17470,"NECTARINE, YELLOW MEDIUM 10LB/FLAT",Flat,66.5,0
136,10008524,,"MANGO, FRESH 12-18CT/CS",CS,0,0
137,10008540,11382,"PINEAPPLE, GOLDEN DEL-MONTE 5CT/CS",CS,22.92,0
139,10008580,11710,"POMEGRANATE, EA",Each,6.5,0
140,10008585,12641,"AVOCADO, HAAS 24CT FIRM MISSION 1 LAYER CALIFORNIA",CS,21.51,0
141,10008586,12641,"AVOCADO, HAAS 48CT US #1 2 LAYER 25LB/CS",Flat,36.61,0
142,10008589,10080,"AVOCADO, HAAS 60CT RIPE US #1",CS,33.49,0
143,10008590,10080,"AVOCADO, RIPE US#1 60CT/CS",CS,33.49,0
144,10008596,10885,"BEAN, GREEN FRESH GASS FARMS 10LB/CS",CS,19.95,0
148,10008615,,"PEAS, ENGLISH LB",POUNDS - DRY WEIGHT,0,0
149,10008616,12918,"BEAN, HARICOT 2LB/BAG",BG,8.65,0
150,10045520,12918,"BEAN, HARICOT VERT 3/2LB/CS",CS,23.44,0
151,10008650,15066,"CABBAGE, RED 24CT 50LB/CS",CS,38.54,0
152,10008652,14971,"CABBAGE, GREEN 50LB/CS",CS,22.92,0
153,10008656,12728,"CABBAGE, SAVOY JUMBO 24/CS",CS,38.02,0
154,10008658,11274,"CABBAGE, NAPA CHINESE US #1 30LB/CS",CS,36.09,0
155,10008669,12553,"CUCUMBER, SUPER SELECT US #1 36CT 25LB/CS",CS,22.92,0
156,10008674,10670,"CUCUMBER, ENGLISH #1 12CT/CS",CS,11.98,0
159,10008692,10763,"EGGPLANT, ITALIAN 18CT US #1 25LB/CS",CS,31.77,0
160,10008696,10763,"EGGPLANT, ITALIAN 12LB/CS",CS,31.77,0
161,10008711,10364,"BOK CHOY, WHOLE 30LB/CS",CS,36.09,0
162,10008723,11062,"KALE, PURPLE 24CT US #1 30LB/CS",CS,41.5,0
164,10008725,14974,"GREENS, CHARD SWISS BRIGHT LIGHTS 18-20LB/CS",CS,35.94,0
166,10008729,14974,"GREENS, CHARD RAINBOW 12CT/CS",CS,35.94,0
167,10008733,12776,"GREENS, FRISEE US #1 12CT 3LB/CS",CS,30.73,0
168,10008750,12876,"KALE, BABY DEL BENE PRODUCE 3LB/CS",CS,20.83,0
169,10008789,12094,"SPINACH, FLAT LEAF GOURMET 4/2.5LB/CS DEL BENE #120944",CS,18.94,0
171,10008823,11065,"LETTUCE, GREEN LEAF 24CT US #1 25LB/CS",CS,25.29,0
172,10008825,12334,"LETTUCE, ROMAINE WHOLE 24CT US #1 30LB/CS",CS,28.23,0
174,10008828,11064,LETTUCE. BETTER BURGER LEAF W&T MANN'S 2/5LB/CS WASHED AND TRIMMED #02236,CS,21.85,0
175,10008829,11050,"LETTUCE, BOSTON HYDROPONIC US #1 12CT/CS",CS,26.48,0
176,10008830,11051,"LETTUCE, BOSTON BIBB US FANCY 24CT/CS",CS,28.13,0
177,10008832,14158,"LETTUCE, SWEET GEM 24CT/CS",CS,38.02,0
178,10045554,12499,"LETTUCE, LOLLA ROSA BABY 3LB/CS",CS,32.5,0
179,10008834,19206,"LETTUCE, FRISSE EXTRA YELLOW PREMIUM 3LB/CS",POUNDS - DRY WEIGHT,14.2366,0
180,10008843,14655,"LETTUCE, ARCADIAN HARVEST MIX 3LB/CS DEL BENE #14655",CS,9.66,0
181,10008847,11073,"LETTUCE, ROMAINE HEARTS 12/3CT/CS DEL BENE #11073",CS,26.52,0
183,10008854,11055,"LETTUCE, ICEBERG 1X1 CHOPPED PLAIN 4/5LB/CS DEL BENE #11056",CS,24.95,0
184,10008867,18418,"LETTUCE, FLORENTINE MIX 3LB/CS",CS,9.66,0
187,10008884,11178,"MUSHROOM, ENOKI 12/3.5OZ/CS",CS,23.44,0
188,10008887,,"MUSHROOM, MATSUTAKE JAPANESE 6LB/FLAT",POUNDS - DRY WEIGHT,0,0
189,10008889,11189,"MUSHROOM, PORTABELLA 3.5"" US #1 5LB/CS",Flat,16.67,0
190,10008890,12493,"MUSHROOM, ROYAL TRUMPET US #1 6LB/CS",Flat,67.71,0
192,10008894,11194,"MUSHROOM, SILVER DOLLAR 10LB/CS",CS,27,0
193,10008896,11182,"MUSHROOM, WHITE MEDIUM US #1 10LB/FLAT",Flat,25.52,0
195,10008901,11189,"MUSHROOM, PORTABELLA CAPS 3LB/CS",CS,16.67,0
196,10008903,11186,"MUSHROOM, PORTABELLA 5LB/CS 4.5-5 IN DIAM",CS,14.58,0
197,10008914,11191,"MUSHROOM, SHIITAKE FRESH 3LB/CS",CS,24.74,0
198,10008915,11169,"MUSHROOM, CREMINI ROMAN 1.5""-2"" 5LB/FLAT",Flat,12.24,0
199,10008918,11200,"MUSHROOM, WILD FOREST BLEND LB",POUNDS - DRY WEIGHT,6.77,0
201,10008964,12843,"MUSHROOM, MAITAKE CULTIVATED DEL BENE 2/3LB/CS #12843",POUNDS - DRY WEIGHT,14.93,0
203,10008984,11035,"LEEK, US #1 12BNCH/CS",CS,31.84,0
204,10008990,11403,"ONION, RED MEDIUM 25LB/CS",CS,18.54,0
207,10008999,11410,"ONION, SPANISH 50LB/BAG",BG,24.99,0
208,10009001,11035,"LEEK, 2LB/EA",Each,4.63,0
209,10009006,12367,"SHALLOT, CLEANED 5LB/JAR",Jar,26.04,0
210,10009011,11396,"ONION, GREEN #1 4/2LB/CS",POUNDS - DRY WEIGHT,2.16875,0
212,10009043,11640,"PEPPER, BELL RED CHOPPER 25LB/CS GETFRESH #1091",CS,36.98,0
214,10009045,15008,"PEPPER, CHILE PASILLO/ POBLANO 10LB/CS GETFRESH #1215",CS,26.04,0
215,10009046,12794,"PEPPER, CHILE HABANERO 10LB/CS",POUNDS - DRY WEIGHT,8.02,0
216,10009051,12789,"PEPPER, CHILI FRESNO RED 10LB GETFRESH #2538",LUG,59.5,0
217,10009061,14889,"PEPPER, SHISHITO LB",POUNDS - DRY WEIGHT,8.85,0
219,10009067,16944,"PEPPER, CHILE THAI LB",POUNDS - DRY WEIGHT,12.51,0
221,10009074,12786,"PEPPER, JALAPENO GREEN 3LB/CS GET FRESH #8709",CS,12.03,0
222,10009075,12786,"PEPPER, JALAPENO WHOLE GREEN 2LB/CS",CS,8.02,0
223,10009076,11626,"PEPPER, BELL GREEN X-LARGE 25LB AVG/CS",CS,22.92,0
226,10009110,11730,"POTATO, BAKER RUSSET IDAHO US #1 60CT 50LB/CS",CS,40.54,0
227,10009118,11714,"POTATO, YUKON GOLD GRADE A SELECT 50LB/CS",CS,46.35,0
229,10009127,12457,"POTATO, SWEET US #1 40LB/CS",CS,29.17,0
232,10009132,11727,"POTATO, BAKER IDAHO 90CT 50LB/CS #7521",CS,32.73,0
233,10009133,10399,"POTATO, FINGERLING YELLOW 10LB/CS",CS,27.8,0
234,10009135,14252,"POTATO, PEEWEE MARBLE LB",POUNDS - DRY WEIGHT,3.71,0
235,10009138,11732,"POTATO, BAKER IDAHO 40CT/CS",CS,43.67,0
237,10009156,11713,"POTATO, RED A #2 DEL BENE 50LB/CS #11713",CS,42.71,0
238,10009188,18288,"DAIKON, FRESH LB GET FRESH #1274 #957007",POUNDS - DRY WEIGHT,2.47,0
239,10009190,11776,"RADISH, RED CLEAN 5LB/BAG",BG,23.96,0
241,10009219,12116,"SQUASH, STRAIGHTNECK YELLOW US #1 22LB/CS",CS,23.44,0
242,10009225,12479,"SQUASH, BUTTERNUT 20LB/CS",CS,39.84,0
244,10009233,12116,"SQUASH, STRAIGHTNECK YELLOW US #1 20LB/CS",CS,23.44,0
245,10009236,12766,"SQUASH, ZUCCHINI GREEN MEDIUM US #1 20LB/CS",CS,25.52,0
246,10009270,12192,"TOMATO, GRAPE RED 12PT/CS #8517",CS,21.3,0
247,10009272,12195,"TOMATO, HEIRLOOM US #1 10LB/CS",CS,26.5,0
248,10009273,10005,"TOMATO, ROMA MEDIUM SIZE 25LB/CS GF# 2119",Flat,25.47,0
249,10009280,12182,"TOMATO, BULK LOOSE LARGE US #1 25LB/CS",CS,26.51,0
250,10009284,18007,"TOMATO, CHERRY MIXED MEDLEY 12/.5PINT/CS",CS,20.83,0
252,10009334,18070,"TOMATILLO, #2 GRADE 10LB/CS",CS,29.5,0
253,10009360,15162,"SPROUT, DAIKON KAIWARE 2.5OZ/CS",Each,3,0
255,10009371,10229,"BROCCOLINI, US #1 18CT 20LB/CS",CS,32.28,0
256,10009373,14976,"CAULIFLOWER, REGULAR US #1 12CT 25LB/CS",CS,26.1,0
257,10009373,14976,"CAULIFLOWER, REGULAR US #1 12CT 25LB/CS",CS,26.1,0
258,10009375,10347,"CELERY, US#1 24CT 60LB/CS",CS,47.13,0
259,10009376,17434,"RADICCHIO, 12CT 8-10LB/AVG/CS",CS,15.41,0
260,10009379,12337,"PARSNIP, FRESH 20LB/BAG",BG,35.5,0
261,10009382,10158,"SPROUT, BEAN US #1 5LB/BAG",BG,14.58,0
263,10009396,12643,"CARROT, WHOLE JUMBO 50LB/CS",CS,31.25,0
266,10009416,10074,"ASPARAGUS, LARGE US #1 11LB/CS",CS,26.23,0
267,10009420,10635,"CORN, YELLOW SWEET US #1 48CT 50LB/CS",CS,50.52,0
269,10009562,12368,"FLOWER, EDIBLE ORCHIDS 100/CS DEL BENE #12368",CS,24.48,0
270,10009570,10181,"BEET, BABY GOLD 24CT 10LB/CS",CS,52.08,0
271,10009571,10182,"BEET, BABY RED 24CT 10LB/CS #BEE2",CS,52.08,0
272,10009572,15202,"BOK CHOY, BABY 10LB/CS",CS,32.75,0
276,10009581,12686,"LETTUCE, ROMAINE HEART BABY 24CT/CS DEL BENE #12686",CS,34.38,0
279,10009594,12813,"PEPPER, BELL ASSORTED COLORS BABY 5LB/CS",CS,30.9,0
282,10009619,12352,"LETTUCE, ICEBERG BABY BOGGIATTO 40CT 16-18LB/CS",CS,57.29,0
284,10009623,12964,"CARROT, BABY ASSORTED 24/CS #CAR991D",CS,46.88,0
286,10009636,10180,"BEET, BABY CANDY STRIPED W/TOP 24CT 10LB/CS GET FRESH #1879",CS,52.08,0
287,10009713,10916,"MICRO GREENS, BULLS BLOOD 4OZ/EA #04BB-33-S",Each,18.5,0
288,10009719,10908,"MICRO GREENS, ARUGULA 4OZ/EA #04AR-33-L",Each,14.58,0
289,10009727,17657,"MICRO GREENS, MIXED FLOWERS 50/PKG",PK,18.5,0
290,10009734,10912,"MICRO GREENS, BASIL GREEN 4OZ/EA #04MBA-33-S",Each,24.2,0
292,10009740,10892,"MICRO GREENS, CELERY 4OZ/BAG #04MCE-33-L",BG,16.15,0
293,10009745,14259,"MICRO GREENS, CHIVES 4OZ/PKG",PK,16.15,0
294,10009747,12861,"MICRO GREENS, MINT GARDEN 4OZ/PKG",PK,21,0
296,10009841,11606,"ARUGULA, BABY 2/1.5LB/CS",CS,21.09,0
297,10009843,12800,"GINGER ROOT, FRESH 5LB/BAG",BG,37.05,0
298,10009845,12838,"HORSERADISH, FRESH 3LB/BAG",POUNDS - DRY WEIGHT,12.96,0
299,10009848,10848,"GARLIC, PEELED US #1 4/5LB/CS",CS,102.6,0
300,10009850,12930,"CHIVES, CHOPPED 5.5OZ/EA",Each,19,0
301,10009851,10020,"ANISE, FRESH FENNEL 24CT 35LB/CS",CS,35.45,0
302,10009857,10919,"CHIVES, FRESH US #1 1LB/BAG",BG,16.46,0
305,10009866,10928,"MINT, FRESH 8OZ/BAG",BG,11.5,0
306,10009867,10930,"OREGANO, FRESH 8OZ/BAG",BG,11.5,0
307,10009868,10931,"PARSLEY, IN ICE 60BUNCH/CS",CS,28.19,0
308,10009869,10932,"PARSLEY, ITALIAN FLAT LEAF 60BUNCH/CS",CS,36.52,0
310,10009871,10934,"ROSEMARY, FRESH 1LB/BAG",BG,12.97,0
311,10009872,10937,"SAGE, FRESH 8OZ/BAG",BG,11.5,0
313,10009877,10939,"TARRAGON, FRESH 8OZ/BAG",BG,18,0
314,10009878,10921,"CILANTRO, US #1 30/CS",CS,17.79,0
315,10009879,10910,"BASIL, SWEET FRESH YOUNG LEAVES 1LB/BAG",BG,9.32,0
316,10009880,10917,"CHERVIL, FRESH 1LB/BAG",BG,28.5,0
318,10009882,10926,"MARJORAM, FRESH 1LB/BAG",BG,12.5,0
319,10009883,10927,"MINT, FRESH 1LB/BAG",BG,13.75,0
320,10009885,10936,"SAGE, FRESH 1LB/BAG",BG,14.79,0
321,10009886,10938,"TARRAGON, FRESH 1LB/BAG #T1",BG,22.08,0
322,10009887,10940,"THYME, FRESH 1LB/BAG",BG,14.64,0
323,10009890,12800,"GINGER ROOT, FRESH 1LB/CS",POUNDS - DRY WEIGHT,7.41,0
324,10009903,10020,"ANISE, FRESH FENNEL 12CT 15-18LB/CS",CS,35.45,0
325,10009904,12961,"FENNEL, BABY 24/CS",CS,39.5,0
327,10009934,15068,"BAY LEAF, FRESH CLAM SHELL MARISTONE 4OZ/BAG",BG,9,0
328,10009945,11606,"ARUGALA, BABY 2/2LB/CS",CS,21.09,0
329,10009945,11606,"ARUGALA, BABY 2/2LB/CS",CS,21.09,0
330,10010044,16767,"JICAMA, WHOLE PEELED 5LB/BAG",BG,29,0
331,10010045,15141,"PEAR, PEELED CUT IN HALF DEL BENE 20LB/TUB #15141",Tub,113.5,0
332,10010135,12739,"CELERY, DICED 1/4"" 5LB/BAG",POUNDS - DRY WEIGHT,3.35,0
334,10010139,12094,"SPINACH, CLEANED US #1 4/2.5LB/CS",CS,18.94,0
335,10010140,11054,"LETTUCE, ICEBERG 24CT 25LB/CS",CT,29.08,0
336,10010143,11793,"ONION, RED WHOLE PEELED US #1 20LB/CS",CS,48.44,0
338,10010154,12094,"SPINACH, CLEANED NO STEMS US #1 4/2.5LB/CS",CS,18.94,0
340,10010162,12380,"CARROT, BABY PEELED 2"" TOPS CRYOVAC 5LB/BAG",BG,13.96,0
342,10010173,11400,"ONION, CIPPOLINI PEELED 5LB/BAG",BG,25,0
344,10010176,11835,"LETTUCE, ROMAINE CHOPPED 6/2LB/BAG",CS,19.67,0
347,10010180,12530,"POTATO, RED B QUARTERED 4/5LB/CS",CS,54.69,0
348,10010187,14937,"POTATO, PEELED 80CT US #1 20LB/BAG",BG,58.85,0
349,10010192,12405,"BROCCOLI, FLORETTES 6/3LB/CS",CS,31.83,0
350,10010193,12321,"LETTUCE, ROMAINE BLEND FRESH PACK 4/5LB/CS AUNT MID",CS,20.4,0
351,10010194,12729,"CABBAGE, RED SHREDDED 10LB/BAG",BG,29.17,0
352,10010201,11199,"MUSHROOM, SLICED 1/4"" 10LB/CS",CS,23.44,0
354,10010221,11077,"LETTUCE, ICEBERG 1/8"" SHREDDED 4/5LB/CS",CS,18.16,0
355,10010223,11750,"POTATO, DICED 1/2"" COOKED 2/10LB/CS",POUNDS - DRY WEIGHT,35.94,0
356,10010233,16686,"POTATO, DICED 1/4"" 10LB/CS",CS,33.07,0
360,10010255,10316,"CARROT, DICED 1/4"" 2/5LB/CS DEL BENE #10316",CS,30.73,0
362,10010260,15098,"POTATO, YUKON PEELED 2/10LB/CS",POUNDS - DRY WEIGHT,49.48,0
363,10010276,18145,"POTATO, RED B WEDGE 6 WAY CUT 2/10LB/CS",CS,57.29,0
365,10010301,10354,"CELERY, STICKS 4"" 2/5LB/CS DEL BENE #10354",CS,41.15,0
367,10010330,11393,"ONION, WHITE DICED 3/8"" 2/5LB/CS DEL BENE #11393",POUNDS - DRY WEIGHT,24.48,0
369,10010358,11576,"LETTUCE, ROMAINE CHOPPED 12LB/CS TAYLOR FARMS #11576",CS,19.67,0
370,10010362,10706,"CARROT, BABY PEELED RAINBOW MIX 5LB/CS",CS,17.97,0
371,10010403,17101,"BRUSSEL SPROUTS, CLEANED HALVED 5LB/BAG",POUNDS - DRY WEIGHT,22.4,0
372,10010414,16931,"POTATO, YUKON DICED 1""X1"" 4/5LB/CS",CS,49.35,0
373,10010415,12352,"POTATO, SWEET PEELED 2/10LB/CS",CS,42.19,0
374,10010417,10314,"CARROT, COIN CUT 3/8"" THICK 2/5LB/CS",POUNDS - DRY WEIGHT,2.865,0
375,10010418,10326,"CARROT, SHREDDED 2/5LB/CS",POUNDS - DRY WEIGHT,2.76,0
376,10010419,10329,"CARROT, STICKS 1/2""X4.5"" 2/5LB/CS",POUNDS - DRY WEIGHT,3.594,0
377,10010420,10002,"CAULIFLOWER, FLORETTES 2/5LB/CS",POUNDS - DRY WEIGHT,2.038,0
378,10010430,12667,"CORN, KERNEL CUT FRESH 5LB/BAG GET FRESH #2719",POUNDS - DRY WEIGHT,4.07,0
381,10010449,14243,"CARROT, DICED 1/2"" CUT 2/5LB/CS",POUNDS - DRY WEIGHT,3.126,0
382,10010472,11657,"PEPPER, BELL GREEN CHOPPER DICED 1/4"" 2/5LB/CS",POUNDS - DRY WEIGHT,3.854,0
383,10010473,10063,"CORN, BI-COLOR HUSKED 48CT/CS",CS,39,0
384,10010497,11598,"PEAS, SNOW CLIPPED/CLEANED 10LB/CS",CS,30.21,0
385,10010498,11600,"PEAS, SUGAR SNAP CLEANED/SNIPPED 10LB/CS",CS,46.88,0
386,10010506,12523,"POTATO, YUKON GOLD #1 PEELED & QUARTERED 20LB/CS BAG IN BOX",POUNDS - DRY WEIGHT,2.474,0
388,10010636,12780,"ONION, WHITE WHOLE PEELED 25LB/CS DEL BENE PRODUCE #70506",CS,52.6,0
389,10010638,17574,"CABBAGE, DICED 1/4"" W/CARROT SEPARATE 4/5LB/CS DEL BENE #17574",CS,22.12,0
390,10010688,12321,"LETTUCE, ROMAINE BLEND 4/5LB/CASE 30% ROMAINE/70% ICEBERG 1.5""X 1.5"" CUT DEL BENE # 12321",CS,20.4,0
391,10010690,12685,"GREENS, COLLARD CLEANED DEL BENE 8/1LB/CS DEL BENE #12685",CS,25,0
392,10010744,12188,"TOMATO, DICED RED 3/8"" 2/5LB/CS DEL BENE #12188",CS,39.58,0
393,10010758,13003,"ONION, RED DICED 3/8"" 2/5LB/CS DEL BENE # 13003",CS,32.29,0
394,10010759,10348,"CELERY, DICED 3/8"" 2/5LB/CS DEL BENE # 10348",CS,48.44,0
396,10010788,18052,"SQUASH, BUTTERNUT DICED 2""X2"" CHUNK 2/5LB/CS DEL BENE #18052",POUNDS - DRY WEIGHT,5.335,0
397,10010793,14365,"ONION, YELLOW JULIENNE 3/4"" 2/5LB/CS DEL BENE # 14365",CS,32,0
398,10010794,16562,"PEPPER, BELL GREEN JULIENNE 3/4"" 2/5LB/CS DEL BENE # 16652",CS,40,0
399,10010795,16563,"PEPPER, BELL RED JULIENNE 3/4"" 2/5LB/CS DEL BENE # 16563",CS,80,0
400,10010796,12746,"ONION, YELLOW DICED 1/2"" 2/5LB/CS DEL BENE # 12746",CS,26.56,0
401,10010797,12695,"PEPPER, BELL RED DICED 3/8"" 2/5LB/BAG DEL BENE # 12695",BG,73.35,0
402,10010798,14053,"PEPPER, BELL GREEN CHOPPER DICED 1/2""2 5LB/BAG DEL BENE # 14053",BG,38.54,0
403,10045584,12886,"ONION, YELLOW JULIENNE 3/8"" 2/5LB/CS DEL BENE #12886",CS,32,0
404,10045585,15124,"PEPPER, BELL GREEN JULIENNE 3/8"" 2/5LB/CS DEL BENE #15124",CS,40,0
405,10045586,17656,"PEPPER, POBLANO 3/8"" JULIENNE 2/5LB/BAG DEL BENE #17656",CS,100,0
406,10045587,12514,"PEPPER, BELL RED JULIENNE 3/8"" 2/5LB/CS DEL BENE #12514",CS,80,0
407,10045589,15536,"ONION, RED JULIENNE 1/4"" CUT 2/5LB/CS DEL BENE #15536",CS,38,0
408,10045590,10886,"ONION, GREEN DICED 1/4"" CUT 2/5LB/CS DEL BENE # 10886",CS,103.35,0
409,10045591,11799,"ONION, RED SLICED THIN 5LB/CS DEL BENE # 11799",CS,19,0
410,10045592,12798,"TOMATO, SLICED 1/4"" 5LB/CS DEL BENE # 12768",CS,33.35,0
411,10045593,11796,"ONION, RED SLICED SLAB 1/4"" 5LB/CS DEL BENE # 11796",CS,20,0
419,10015680,12331,"DRINK, APPLE CIDER 4/1GAL/CS",CS,31.5,0
420,10015704,12704,"JUICE, LEMON FRESH 4/1GAL/CS",CS,62,0
423,10015788,10990,"JUICE, CIDER SPARKLING MARTINELLIS 12/750ML/CS #00006",CS,60.8,0
424,10015803,10237,"JUICE, CARROT FRESH BOLTHOUSE LTR",LITER,6,0
425,10015803,10237,"JUICE, CARROT FRESH BOLTHOUSE LTR",LITER,6,0
426,10015806,12679,"JUICE, KEY LIME NELLIE & JOE 4/GAL/CS",CS,101.6,0
427,10015809,12704,"JUICE, LEMON FRESH GAL NATURAL BRANDS #12704",GALLONS,16.25,0
428,10015810,11021,JUICE ORANGE FRESH GAL LAMBETH GROVES #11021,GALLONS,14.75,0
429,10015954,,"JUICE, LIME FRESH 1QT LAMBETH GROVES #11020",QUARTS,0,0
431,10002913,19383,"SALSA, GUACAMOLE MEDIUM CREAM SAUCE 12/15.7OZ/CS SELF STABLE HERDEZ #7365516",CS,52,0
432,10076216,11715,"POTATO, RED B US #1 50LB/CS USE #1032550034",CS,45.5,0
434,10076384,19475,"BUN, BOLILLO BUD 50CT/CS DEL BENE # 19475",CS,28.3,0
435,10006526,14392,"PASTE, ACHIOTE 12/14OZ/CS",CS,80,0
436,10009862,12424,"LEMONGRASS, FRESH 1LB/BAG #L5",BG,7,0
437,10081172,19080,"JUICE, YUZU YAKAMI ORCHARDS 6/6OZ/CS DEL BENE 19080",CS,,0
438,10081174,11200,"MUSHROOM, WILD BLEND SLICED 3LB/CS DEL BENE 11200",CS,20.31,0
439,10081175,11193,"MUSHROOM, SHITAKE SLICED 1/4"" FRESH SW 3LB/CS",CS,30.21,0
440,10081312,19477,"KOHLRABI, SLAW 5LB/CS DEL BENE #19477",CS,55,0
