﻿BPA Number,BPA Description,Supplier,Supplier Site,Start Date,End date,BPA Frequency
NHINTLW1/MASTER,CP FB INTL GOURMET NH W,INTERNATIONAL GOURMET FOODS,MAIN,01/03/2100,01/09/2100,Weekly
Line Number,Item Number,Supplier Item,Item Description,UOM,Price,Agreement Qty
1,10000424,39992,"CHEESE, CHEDDAR SHARP TILLAMOOK 2/5LB/CS",CS,63,0
2,10000440,nsch235,"CHEESE, CHEDDAR SHARP WHITE VERMONT 10LB/CS",CS,115,0
4,10000763,nsch234,"CHEESE, CHEDDAR WHITE TWO YEAR 2/5LB/CS",CS,115,0
6,10000779,nsch410,"CHEESE, BRIE CAMEMBERT MINI 8.8OZ/EA",Each,5.5,0
7,10000807,403962,"CHEESE, BURRATA IMPORTED 24/4.41OZ/CS",CS,46.75,0
8,10000830,nsch140,"CHEESE, PECORINO TOSCANO DOP AGED MINI 120DAYS/L",POUNDS - DRY WEIGHT,12.5,0
9,10000831,403121,"CHEESE, PARMESAN GRANA STYLE GRATING 9LB AVG/LB",POUNDS - DRY WEIGHT,9,0
10,10000832,402073,"CHEESE, PARMESAN GRANA AMERICAN 15LB AVG/LB",POUNDS - DRY WEIGHT,7.15,0
11,10000833,105573,"CHEESE, PARM REGGIANO 1/4 WHL 22/24MTH 18LB AV/C",POUNDS - DRY WEIGHT,10.5,0
15,10000885,40172,"BUTTER, CLARIFIED 4/5LB/CS",POUNDS - DRY WEIGHT,6.55,0
16,10000912,NSBU116,"BUTTER, UNSALTED SOLIDS PLUGRA 36/1LB/CS",POUNDS - DRY WEIGHT,4.44,0
19,10001071,181274,"GRAIN, QUINOA TRICOLOR 10LB/CS",CS,31,0
21,10001918,80331,"CHIPS, ZAPPS CAJUN CRAWTATORS 25/2OZ/CS",CS,26,0
30,10002318,20009,"TOMATO, DICED IN JUICE 6/#10/CS",CS,40,0
32,10002541,65156,"NUT, PINE PIGNOLIAS 5LB/BAG",BG,78,0
39,10002657,631105,"SEED, SESAME BLACK IGF 16OZ/JAR",Jar,7.5,0
40,10002657,631105,"SEED, SESAME BLACK IGF 16OZ/JAR",Jar,7.5,0
41,10002658,631100,"SEED, SESAME WHITE HULLED IGF 19OZ/JAR",Jar,7.75,0
42,10002658,631100,"SEED, SESAME WHITE HULLED IGF 19OZ/JAR",Jar,7.75,0
49,10003008,10500,"VINEGAR, RICE SWEET MIRIN 33.8OZ/BTL",BT,12,0
52,10003068,631019,"VINEGAR, APPLE CIDER GRAVENSTEIN 4/1GAL/CS",CS,84,0
53,10003070,NSVI190,"VINEGAR, BANYULS 12/500ML/CS",CS,142,0
54,10003072,NSVI052,"VINEGAR, APPLE CIDER REAL BEAUFOR 2/5LTR/CS",CS,44,0
57,10003133,65078P,"BERRY, CRANBERRY DRIED 5LB/CS",CS,21,0
58,10003146,65056,"CHERRY, BING DRIED 20LB/CS",CS,76,0
59,10003183,20032,"PEPPER, GUAJILLO CHILI DRIED 5LB/CS",CS,36,0
60,10003220,65072CS,"COCONUT, MEDIUM SHREDDED UNSWEETENED 50LB/CS",CS,130,0
65,10003297,65615,"SPICE, MUSTARD DRY POWDER COLEMANS 12/16OZ/CS",CS,153,0
66,10003324,35151,"SALT, COARSE KOSHER 12/3LB BOX/CS",CS,63,0
130,10004941,35269,"GELATIN, SHEET SILVER LEAF 25/2.2LB/CS",CS,42,0
161,10009097,105443,"PASTE,PEPPR HOT CALBRSE RED IN OIL 34.5OZ/JAR/CS",Jar,32,0
163,10010726,90552,"GARLIC, BLACK PEELED 16OZ/JAR",Jar,21,0
167,10012116,502348,"BACON, APPLEWOOD SMOKED SLAB NUESKE 10LB/CS",POUNDS - DRY WEIGHT,9,0
220,10015317,,"SODA, GINGER BEER SPARKLING ORG 24/8.4OZ/CS",CS,,0
221,10015319,75043,"SODA, FANTA MADE W/CANE SUGAR 24/12OZ/CS",CS,30,0
222,10015330,NSSO275,"SODA, GINGER ALE HOT(RED) BLENHEIM 24/12OZ/CS",CS,39,0
223,10015331,NSSO276,"SODA, GINGER ALE ""NOT SO HOT""(GOLD) 24/12OZ/CS",CS,39,0
224,10015332,NSSO277,"SODA, GINGER ALE ""NOT SO HOT"" DIET 24/12OZ BTL/C",CS,39,0
227,10015357,610130,"SODA, GRAPEFRUIT Q PREMIUM 24/6.7OZ GLASSBTL/CS",CS,36.5,0
235,10015578,,"WATER, SELTZER CUCUMBER 12OZ/4-6PK/CS",CS,,0
236,10015579,,"WATER, SELTZER BLACKBERRY 12OZ/4-6PK/CS",CS,,0
237,10015580,748217,"WATER, SELTZER LEMON 12OZ/4-6PK/CS",CS,26,0
238,10015581,748216,"WATER, SELTZER RASPBERRY & LIME 12OZ/4-6PK/CS",CS,26,0
241,10015756,9180,"JUICE, POMEGRANATE POM WONDERFUL 6/16OZ/CS",CS,26,0
248,10015834,610142,"JUICE, ELDERFLOWER/ROSE LEMONADE 12/250ML/CS",CS,31.8,0
255,10016417,110003,"DRINK, CRANBERRY PURITY 12/12OZ/CS",CS,25,0
256,10016418,110090,"DRINK, ORANGE PURITY 12/12OZ/CS",CS,20,0
