﻿BPA Number,BPA Description,Supplier,Supplier Site,Start Date,End date,BPA Frequency
NHLNFGW1/MASTER-1,CP FB LUEN FONG FOOD NH W,LUEN FONG FOOD & PRODUCE INC,MAIN,6/11/2023,6/17/2023,Weekly
Line Number,Item Number,Supplier Item,Item Description,UOM,Price,Agreement Qty
1,10002452,,"ABALONE, CANNED 24/2PC/CS",CS,1875,0
2,10004016,,"COCONUT MILK, 24/13.5OZ/CS",CS,78,0
3,10004602,,"SAUCE, SOY MUSHROOM 12/5LB/CS",CS,105,0
4,10004862,,"BASE, CHICKEN POWDER BROTH KNORR 12/2.2LB/CS JAPANESE #1608900",CS,165,0
5,10006269,,"SEA CUCUMBER, DRIED LB",POUNDS - DRY WEIGHT,315,0
6,10006294,,"BIRDS NEST, BANGKOK SPOON SIZE 1LB/CS",CS,1550,0
7,10008525,,"COCONUT, YOUNG FRESH 9CT/CS",CS,36,0
8,10008610,,"PEAS, SNOW LEAF 5LB/CS",CS,42.5,0
9,10008635,,"BEANS, GREEN PIONEER GROWER 25LB/CS #460",CS,49,0
10,10008693,,"EGGPLANT, CHINESE 10LB/CS",CS,25,0
11,10008694,,"EGGPLANT, THAI 5LB/CS",CS,24.75,0
12,10008980,,"MUSHROOM, PRINCE FRESH 11LB/CS GUAN'S 846034029040",POUNDS - DRY WEIGHT,10.5,0
13,10008981,,"MUSHROOM, SEAFOOD FRESH 11LB/CS GUAN'S 859267007013",POUNDS - DRY WEIGHT,10.5,0
14,10009057,,"PEPPER, CHILE THAI SMALL RED/GREEN LB",POUNDS - DRY WEIGHT,13.5,0
15,10009178,,"DAIKON, WHITE CHINESE 40LB/CS",CS,55,0
16,10009321,,"BROCCOLI, CHINESE ASIAN 30LB/CS",CS,90,0
17,10009336,,"CELERY, CHINESE WHOLE FRESH LB",POUNDS - DRY WEIGHT,2.95,0
18,10009340,,"ONG CHOY, 40LB/CS",POUNDS - DRY WEIGHT,4.95,0
19,10009354,,"JICAMA, WHOLE 40LB/CS COOSEMAN #1387",CS,60,0
20,10009358,,"ROOT, LOTUS 40LB/CS PA CHINA FARM INC. PD-2315",POUNDS - DRY WEIGHT,4.5,0
21,10009359,,"ROOT, YAM MOUNTAIN FRESH LB/CS PA CHINA FARM INC. 55124",POUNDS - DRY WEIGHT,11,0
22,10009372,,"CARROT, JUMBO 25LB/BAG",BG,33,0
23,10009648,,"BOK CHOY, WHOLE BABY ASIAN 30LB/CS",CS,81,0
24,10009862,,"LEMONGRASS, FRESH 1LB/BAG #L5",BG,8,0
25,10009921,,"CHIVES, GREEN CHINESE GOW CHOY 1LB/BAG",BG,11.5,0
26,10009954,,"GINGER ROOT, FRESH TROPICAL SPECIALIST 30LB/CS #1204",CS,68,0
27,10010160,,"BROCCOLI, CROWN US #1 20LB/CS",CS,37,0
28,10010182,,"TARO, PEELED 1LB/PKG",PK,2.5,0
29,10010961,,"FISH, GROUPER LIVE 2.5LB-3LB LB",POUNDS - DRY WEIGHT,26,0
30,10010995,,"FISH, FLOUNDER FROZEN 20LB/CS # W381211",POUNDS - DRY WEIGHT,8.5,0
31,10011101,,"CRAB, DUNGENESS LIVE 2-2.5LB/EA",POUNDS - DRY WEIGHT,26.99,0
32,10011104,,"CRAB, KING LIVE LB",POUNDS - DRY WEIGHT,51.5,0
33,10011256,,"CLAM, GEODUCK GIANT LIVE",POUNDS - DRY WEIGHT,45,0
34,10011277,,"OYSTER, KUMAMOTO EA",Each,4.35,0
35,10012102,,"PORK, CHOP B/I UNFRNHD 4.8OZ CENTER CUT 20LB/CS MBG #1412 FROZEN SINGLE BONE",POUNDS - DRY WEIGHT,5.25,0
36,10079159,,"GARLIC, BULB FRESH 5LB/BAG",BG,18,0
