﻿BPA Number,BPA Description,Supplier,Supplier Site,Start Date,End date,BPA Frequency
NHTWFW01/MASTER-1,CP FB TRUE WORLD FOODS NH W,TRUE WORLD FOODS DC LLC,MAIN,6/12/2023,6/19/2023,Weekly
Line Number,Item Number,Supplier Item,Item Description,UOM,Price,Agreement Qty
1,10002924,,"DRESSING, JAPANESE WASABI NIPPON 6/60FLOZ/CS WITH WASABI & GRAPEFRUIT HOKKEN #00000030",CS,115,0
2,10003586,,"WASABI, POWDER 10/2.2LB/CS",CS,85,0
3,10004597,,"SAUCE, SOY LOW SODIUM PC KIKKOMAN 200/CS",CS,19,0
4,10004760,,"SAUCE, SOY SAUCE TO GO LITE 500PK/CS0/CS KIKKOMAN ITEM # SOY7931 DRY DOMESTIC",CS,19,0
5,10006345,,"GINGER, WHITE SLICED PICKLED 20LB/TUB",Tub,39,0
6,10006639,,"ROE, FLYING FISH TOBIKKO ORANGE 500G/PK AZUMA ITEM # TOB0131 FROZEN DOMESTIC",Each,30,0
7,10006640,,"ROE, FLYING FISH TOBIKKO RED 500G/PK AZUMA ITEM # TOB0231 FROZEN DOMESTIC",Each,30,0
8,10006642,,"ROE, FLYING FISH TOBIKKO BLACK 500G/PK AZUMA ITEM # TOB0632 FROZEN DOMESTIC",Each,30,0
9,10006643,,"ROE, FLYING FISH TOBIKKO WASABI 500G/PK AZUMA ITEM # TOB0731 FROZEN DOMESTIC",Each,30,0
10,10007730,,"APPETIZER, SHRIMP TEMPURA METROPOLITAN 100CT/CS METROPOLITAN SEAFOOD & MEAT #18871",CS,71,0
11,10009908,,"LEAVES, SHISO 100LEAVES/PKG",PK,9.99,0
12,10010876,,"FISH, YELLOWTAIL 4-5LB FARMED RAISED LB JAPAN FILLET",POUNDS - DRY WEIGHT,15.99,0
13,10011039,,"FISH, ESCOLAR SAKU 22LB., CASE ITEM# ESC0601",POUNDS - DRY WEIGHT,10.99,0
14,10011060,,"FISH, TUNA MINCED 2/11LB/CS TOSHIMA #SMT03800T",POUNDS - DRY WEIGHT,10,0
15,10011416,,"SEA URCHIN, UNI FRESH EA",Each,32,0
16,10011426,,"SHRIMP, SUSHI EBI CP FROZEN 30TRAY/30CT/CS",TY,11.5,0
17,10011430,,"FISH, EEL UNAGI TETSUJIN 39/9OZ/CS",POUNDS - DRY WEIGHT,17.5,0
18,10011443,,"FISH, BIG EYE TUNA LOIN SASHII GRADE #1 LB FRESH SKIN-ON",POUNDS - DRY WEIGHT,20,0
19,10011517,,"SEAWEED, WAKAME HIYASHI NO MSG 4.4LB/PKG",PK,26,0
20,10011536,,"SEAWEED, NORI HALF SHEET TOKYO LU 10/100SHT/CS SHEET #6295782",CS,65,0
21,10011544,,"SEAWEED, FUERU WAKAME 500G/PACK WAK7220 ITEM # WAK7220",Each,17.95,0
22,10033213,,COOKING WINE SAKE MIRIN 18LTR,CS,75,0
