﻿BPA Number,BPA Description,Supplier,Supplier Site,Start Date,End date,BPA Frequency
NPSYSW1/MASTER-1,CP FB SYSCO NP W,SYSCO CLEVELAND INC,MAIN,01/03/2100,01/09/2100,Weekly
Line Number,Item Number,Supplier Item,Item Description,UOM,Price,Agreement Qty
1,10000012,8353563,"MILK, WHOLE HOMOGENIZED 4/1GAL/CS",CS,19.02,0
2,10000015,5677390,"MILK, 2% HOMOGENIZED 4/1GAL/CS",CS,17.66,0
3,10000066,4828802,"CREAM, HEAVY WHIPPING 36% FAT 12/QT/CS",Each,4.84,0
4,10000074,4828554,"CREAM, HALF & HALF 12/QT/CS",QUARTS,3.29,0
5,10000075,1203207,"CREAM, SOUR 4/5LB/CS",CS,34.7,0
7,10000088,6935464,"CREAM, HEAVY WHIPPING 40% FAT 12/1QT/CS",CS,60.67,0
8,10000124,7135868,"MILK, BUTTERMILK 9/HFGL/CS",CS,27.05,0
24,10066864,6843231,"ICE CREAM, CHOCO 7% BUTTERFAT BASE 6/.5GAL/CS NESTLE #41548750439",CS,40,0
25,10066865,7087727,"ICE CREAM, VANILLA 7% BUTTERFAT BASE 6/.5GAL/CS NESTLE #41548750422",CS,31.64,0
28,10000351,1037316,"YOGURT, PLAIN LOW FAT DANNON 6/QT/CS #202",CS,16.96,0
29,10000364,621617,"YOGURT, GREEK PLAIN FAT FREE 6/32OZ/CS GLENVIEW FARMS #1980077",CS,26.74,0
30,10000383,7151014,"YOGURT, VANILLA LOW FAT PARFAIT PRO 6/4LB/CS YOPLAIT #6472502",CS,15.61,0
34,10000476,7158074,"CHEESE, CHEDDAR SLC 6/1.5LB/CS SLICE",POUNDS - DRY WEIGHT,2.81,0
36,10000528,2491751,"CHEESE, MOZZARELLA FRS CILIEGINE GALBANI 2/3LB/C FRESH 1/3OZ BALL DOMESTIC #81615",CS,26.94,0
38,10000577,4838704,"CHEESE, GOAT CRUMBLED 2/2LB/CS NTRSBST #9520102",CS,35.41,0
39,10000608,1552272,"CHEESE, MOZZARELLA FRESH LOG 5/2LB/CS CHURNY COMPANY 10071040063604",CS,32.03,0
40,10000609,5763099,"CHEESE, GORGONZOLA SPLIT WHEEL DOMESTIC 2/5LB/CS STELLA 3331",POUNDS - DRY WEIGHT,6.016,0
42,10000612,4097745,"CHEESE, ASIAGO SHREDDED 6/2LB/CS GREAT LAKES 65613300480",CS,47.94,0
43,10000615,7884305,"CHEESE, RICOTTA WHOLE MILK DOMESTIC TUB REF",CS,49.86,0
45,10000683,4011504,"CHEESE, BRIE WHEEL 2/2.2LB/CS",POUNDS - DRY WEIGHT,10.442,0
46,10000684,2393049,"CHEESE, GOUDA SMOKED 4/6LB/CS",POUNDS - DRY WEIGHT,3.941,0
48,10000768,1177559,"CHEESE, BOURSIN W/GARLIC 12/5.2OZ/CS",CS,49.52,0
49,10000768,1177559,"CHEESE, BOURSIN W/GARLIC 12/5.2OZ/CS",CS,49.52,0
51,10000870,3717279,"CHEESE, CREAM PHILADELPHIA PC CUP 100/1OZ/CS KRAFT #611192",CS,35.41,0
52,10000872,3716503,"CHEESE, CREAM PHILADELPHIA 6/3LB/CS KRAFT #616982",CS,68.74,0
53,10000885,3029614,"BUTTER, CLARIFIED 4/5LB/CS SHELF STABLE",POUNDS - DRY WEIGHT,4.63,0
54,10000887,5926910,"BUTTER, UNSALTED 36/1LB/CS",POUNDS - DRY WEIGHT,3.12,0
55,10000890,5925987,"BUTTER, SALTED 36/1LB/CS",POUNDS - DRY WEIGHT,3.12,0
56,10000892,6161172,"BUTTER, UNSALTED 83% EUROSTYLE 36/1LB/CS",CS,87.32,0
57,10000924,3029739,"BUTTER, PC CUP WHIPPED 720/5GRM/CS",CS,34.2,0
58,10000950,4838340,"EGG, LARGE 15DZ/CS",CS,18.93,0
187,10012653,2594729,"CHICKEN, BREAST SINGLE-LOBE 6OZ FRZN 10LB/CS TYSON FOODS INC 10036880928",CS,43.97,0
188,10012653,2594729,"CHICKEN, BREAST SINGLE-LOBE 6OZ FRZN 10LB/CS TYSON FOODS INC 10036880928",CS,43.97,0
406,10006768,2396174,"CHICKEN, FRIED STEAK 10LB/CS",POUNDS - DRY WEIGHT,5.25,0
420,10006911,1739812,"CORN DOG, ALL-MEAT CHILD-NUTRITION FZ 4OZ/48/CS TYSON FOODS INC-HBC 8481",CS,41.52,0
422,10006959,2467603,"MANICOTTI, CHEESE ARREZZIO 60/2.7OZ/CS ARREZIO IMPERIAL 7603",CS,38.72,0
423,10006959,2467603,"MANICOTTI, CHEESE ARREZZIO 60/2.7OZ/CS ARREZIO IMPERIAL 7603",CS,38.72,0
519,10008577,6297594,"AVOCADO, HALF 48PC/1.5OZ/CASE MFG DEL PASADO #390065",CS,36.27,0
539,10011089,8305561,"CRAB, MEAT JUMBO LUMP PASTEURIZED BLU 12/1LB/CS",POUNDS - DRY WEIGHT,32.99,0
541,10011180,5003643,"LOBSTER, MEAT CKL COOKED FROZEN FK 6/2LB/CS HOMARUS AMERICANUS CLAW/KNUCKLE/LEG FISHER KING #9010",POUNDS - DRY WEIGHT,26.77,0
543,10011190,5106388,"SHRIMP, 16-20 WHITE P & D TAIL-ON 4/2.5LB /CS",CS,57.96,0
553,10011580,1060516,"BEEF, TENDERLOIN 5UP USDA CHOICE FRESH 80LB/AVG/ MBG #189A FULL SIDE MUSCLE ON DEFATTED HALPERNS #06-90242",POUNDS - DRY WEIGHT,14.276,0
554,10011628,1044049,"BEEF, FLANK STEAK USDA CHOICE FRESH 70LB/AVG/CS MBG #193",POUNDS - DRY WEIGHT,9.102,0
555,10011628,1044049,"BEEF, FLANK STEAK USDA CHOICE FRESH 70LB/AVG/CS MBG #193",POUNDS - DRY WEIGHT,9.102,0
556,10011868,2573117,"BEEF, GROUND 80/20 FINE 8/10LB/CS",POUNDS - DRY WEIGHT,2.6,0
557,10011872,8563165,"BEEF, PHILLY STEAK 40/4OZ/CS",POUNDS - DRY WEIGHT,7.94,0
558,10011875,6361307,"BEEF, OXTAIL CUT PACKER FROZEN 15LB/CS MBG #1791 HALPERNS #07-99005",POUNDS - DRY WEIGHT,8.146,0
559,10011942,8939401,"BEEF, MEATBALL ITALIAN 2OZ CKD FROZEN 10LB/CS COOKED ROMA #243969",CS,46.5,0
560,10011962,566838,"BEEF, GROUND 80/20 FINE RAW REF CHUB 10LB/4/EA FIRE RIVER FARMS CLASSIC 66838",POUNDS - DRY WEIGHT,3.283,0
561,10011967,6962996,"BEEF, SHORT RIB COOKED 20LB/CS HUDSON FOODS",POUNDS - DRY WEIGHT,10.691,0
562,10011967,6962996,"BEEF, SHORT RIB COOKED 20LB/CS HUDSON FOODS",POUNDS - DRY WEIGHT,10.691,0
563,10011967,6962996,"BEEF, SHORT RIB COOKED 20LB/CS HUDSON FOODS",POUNDS - DRY WEIGHT,10.691,0
567,10076271,5809276,"PORK, RIB ST LOUIS STYLE 3DN IBP 30LB AVG/CS BUTCHER BLOCK SYSCO #5809276",POUNDS - DRY WEIGHT,2.846,0
568,10012090,5812296,"PORK, LOIN BNLS CNTR CUT STRP OFF 2/6-10LB/A/CS BUTCHERS BLOCK 73473015424",POUNDS - DRY WEIGHT,2.109,0
569,10012097,5741701,"PORK, CHOPS END 2 END BONE IN 4OZ FROZEN 10LB/CS OUTWEST #45728",POUNDS - DRY WEIGHT,4.01,0
570,10012110,1073402,"BACON, 18-22 LAYOUT FRESH CUDAHY 15LB/CS #14102 APPLEWOOD SWEET BRONZE NO LATER THAN 15 DAYS FROM DATE ON BOX",POUNDS - DRY WEIGHT,3.48,0
573,10012148,3165051,"HAM, BNLS FLAT TAVERN UNSLICED FRESH 2/9-11LB/CS BONELESS FULLY COOKED WATER ADDED",POUNDS - DRY WEIGHT,4.53,0
574,10012151,8933238,"HAM, PIT BONELESS FARMLAND 2/15LB AVG/CS #70247127530",POUNDS - DRY WEIGHT,3.094,0
576,10012179,2814978,"PORK, CARNITAS COOKED SEASONED NATURAL 4/2.5LB/C BOIL IN BAG FROZEN CHEF'S LINE #9082261/712811",POUNDS - DRY WEIGHT,3.865,0
577,10012209,7755572,"PORK, BBQ PULLED SMOKED RICHES S&P RUB 2/5LB/CS RICH'S FOODS 09067",POUNDS - DRY WEIGHT,6.36,0
580,10012310,7180995,"SAUSAGE, KIELBASA ROPE FROZEN ROSE 10LB/AVG/CS #860486",POUNDS - DRY WEIGHT,3.83,0
581,10012321,8936562,"SAUSAGE, ANDOUILLE CAJUN 10LB/CS",POUNDS - DRY WEIGHT,4.55,0
582,10012323,3916558,"SAUSAGE, BRATWURST 4-1 LINK RAW 10LB/CS RANDOLPH PACKING CO #RPC070",POUNDS - DRY WEIGHT,3.53,0
583,10012363,7044423,"SAUSAGE, TURKEY PATTY 3.25"" COOKED 1.5OZ 10LB/CS HORMEL FOODS SALES LLC 56613",CS,53.92,0
585,10012365,1116524,"SAUSAGE, BREAKFAST LINK KENTUCKY 2OZ/10LB/CS KENTUCKY SAUSAGE 92483",CS,33.61,0
587,10012366,1870997,"SAUSAGE, POLISH 4-1 LINK 6"" FROZEN 10LB/CS",CS,43.12,0
590,10012438,2503910,"BEEF, ROAST COOKED TOP ROUND RSTD 2/6-9LB/CS ROASTED METRO DELI/US FOODS #2669117",POUNDS - DRY WEIGHT,5.846,0
592,10012487,2044022,"GYRO, BEEF/LAMB CKD THICK SLICED 4/5LB/CS KRONOS FOODS 1910",CS,110.55,0
593,10012488,9275082,"PEPPERONI, PORK BEEF SLICED 70MM 2/5LB 70CT/BOX FRESH MARK-SUGARDALE & SUPERIO 5078",BX,37.89,0
594,10012491,2565794,"SALAMI, HARD SLICED 4PKG/4LB/CS SWEET APPLEWOOD FARMS 90716",CS,48.47,0
598,10012653,2594729,"CHICKEN, BREAST SINGLE-LOBE 6OZ FRZN 10LB/CS TYSON FOODS INC 10036880928",CS,43.97,0
600,10012656,8415109,"CHICKEN, BREAST 4OZ CKD GRILL MRK IQF FZ 2/5LB/C COOKED MARK FROZEN TYSON FOODS INC 556528",CS,56.31,0
603,10012686,8496913,"CHICKEN, TENDER BREADED PRECOOKED TYSON 2/5LB/CS TYSON RED LABEL 38321-0928",CS,36.37,0
604,10012688,4287025,"CHICKEN, BREAST BREADED 4OZ FILLET 2/5LB/CS",CS,44.33,0
605,10076286,8402170,"CHICKEN, BREAST BREADED FILLET F/C 3OZ 10LB/CS TYSON# 10383610928",CS,29.3,0
606,10012706,2976528,"CHICKEN, DICED 1/2"" 65/35 DARK/WHT TYSON 2/5LB/C FULLY COOKED LOW SODIUM REVERSE BLEND TYSON #10253080928",POUNDS - DRY WEIGHT,4.41,0
607,10012709,7895444,"CHICKEN, DICED 1/2"" CKD ALL WHITE MEAT 10LB/CS GOLD KIST/DUTCH KETTLE COOKED",POUNDS - DRY WEIGHT,4.56,0
608,10012746,,"TURKEY, BREAST OVEN ROASTED SKINLESS 2/9LB/CS RIDGECREST #2265591121",POUNDS - DRY WEIGHT,,0
