﻿BPA Number,BPA Description,Supplier,Supplier Site,Start Date,End date,BPA Frequency
NHLBTRW1/MASTER-1,CP FB LOBSTER MANIE-IA NH W,LOBSTER MAINE IA LLC,MAIN,6/12/2023,6/18/2023,Weekly
Line Number,Item Number,Supplier Item,Item Description,UOM,Price,Agreement Qty
1,10010866,,"FISH, SEA BASS CHILEAN LB",POUNDS - DRY WEIGHT,21.45,0
2,10011084,,"CRAB, MEAT LUMP BLUE JUMBO FRESH LB",POUNDS - DRY WEIGHT,20.95,0
3,10011098,,"CRAB, SOFT SHELL FROZEN 5DZ/CS HANDY SEAFOOD #1201051",CS,33.75,0
4,10011129,,"CRAB, MEAT LUMP FRESH 1LB/CS SEAFARERS MFG ITEM# 47933-C",POUNDS - DRY WEIGHT,10.85,0
5,10011138,,"LOBSTER, LIVE MAINE 1.5LB/EA",POUNDS - DRY WEIGHT,10.95,0
6,10011143,,"LOBSTER, LIVE NORTH ATLANTIC 1.5-1.75LB/EA HOMARUS AMERICANUS HARD SHELL ONLY",POUNDS - DRY WEIGHT,10.95,0
7,10011147,,"LOBSTER, LIVE NORTH ATLANTIC 3.5-4LB/EA HOMARUS AMERICANUS HARD SHELL ONLY",POUNDS - DRY WEIGHT,15.85,0
8,10011161,,"LOBSTER, TAIL 6-7OZ CANADIAN FROZEN 10LB/CS COLD WATER",POUNDS - DRY WEIGHT,30.25,0
9,10011175,,"LOBSTER, BODIES FROZEN 25LB/CS",POUNDS - DRY WEIGHT,2.05,0
10,10011261,,"SCALLOP, 10-20 SEA FRESH DRY PACK 8LB/CAN PURE/OCEANS ALIVE #1101A025",POUNDS - DRY WEIGHT,19.85,0
11,10011328,,"SQUID, LARGE CLEANED T&T FROZEN 20/2.5LB/CS TUBES & TENTICLES",POUNDS - DRY WEIGHT,7.65,0
