﻿BPA Number,BPA Description,Supplier,Supplier Site,Start Date,End date,BPA Frequency
Z/LASPW1/MASTER-1,CP FB LA SPECIALTY 1 LV W,LA SPECIALTY PRODUCE CO INC DBA VESTA FOODSERVICE,MAIN,6/11/2023,6/17/2023,Weekly
Line Number,Item Number,Supplier Item,Item Description,UOM,Price,Agreement Qty
6,10003186,17420,"PEPPER, CHILI THREADS LA SPECIALTY 1.5OZ/PKG #17420",PK,21.6,0
7,10003222,10953,"SHALLOT, FRIED 8OZ/EA GOLDEN PAC #10953",Each,8.61,0
9,10008277,91113,APPLE. FUJI 80/90CT LA SPECIALTY 5LB/CS #91113,CS,5.76,0
14,10008320,12398,"BANANA, GREEN TIP LA SPECIALTY 3LB/CS #12398",CS,3.56,0
15,10000958,10897,"EGG, DUCK 20/CS",CS,42.5,0
16,10008343,1068,"BERRY, GOOSEBERRY CAPE PUDWILL 12/4OZ/CS LA SPECIALTY #1068",CS,33.85,0
17,10008344,9558,"BERRY, BLUEBERRY LA SPECIALTY 3PINT/CS #9558",CS,6.44,0
21,10008362,,"LEMON, BUDDHA HAND LA SPECIALTY EA",Each,,0
30,10008448,1264,"PEAR, ANJOU LA SPECIALTY 40LB/CS #1264",POUNDS - DRY WEIGHT,33.17,0
31,10008452,1260,"PEAR, BARTLETT LA SPECIALTY 40LB/CS #1260",POUNDS - DRY WEIGHT,42.12,0
32,10008466,1259,"PEAR, RED 45/60 CT DAVID LA SPECIALTY 20LB/CS #1259",CS,27.96,0
33,10008467,1261,"PEAR, BOSC LA SPECIALTY 40LB/CS #1261",POUNDS - DRY WEIGHT,48.36,0
34,10008468,1270,"PEAR, ASIAN LA SPECIALTY 10/14CT FLAT",Flat,31.2,0
37,10008471,61261,"PEAR, BOSC LA SPECIALTY 5LB/BAG BREAKER LA SPECIALTY #61261",BG,9.59,0
53,10008521,6325,"COCONUT, YOUNG THAI LA SPECIALTY 9CT/CS #6325",CS,22.99,0
54,10008530,78168,"MANGO, FRESH LA SPECIALTY 3CT/CS #78168",CS,7.85,0
55,10008535,8168,"MANGO, FRESH LA SPECIALTY 9CT/AVG/CS #8168",CS,18.75,0
57,10008539,1369,"PINEAPPLE, GOLDEN LA SPECIALTY 5-7CT/CS #8096",CS,15.04,0
58,10008543,1241,"PASSION FRUIT, 1 LAYER LA SPECIALTY 10LB/CS #1241",CS,70.2,0
59,10008545,71150,"KIWI, LA SPECIALTY 6EA/CS #71150",CS,5.1,0
61,10008560,1165,"FIG, BROWN TURKEY LA SPECIALTY 12BASKET/CS #1165",CS,50.55,0
62,10008561,11420,"POMEGRANATE, LA SPECIALTY 10LB/CS #41330",POUNDS - DRY WEIGHT,4.368,0
63,10008566,9548,"AVOCADO, HAAS LA SPECIALTY 20/24 SIZE 6EA/CS #9548",CS,6.5,0
64,10008568,71112,"DATES, MEDJOOL LA SPECIALTY 5LB/CS #71112",CS,29.5,0
66,10008570,11420,"POMEGRANATE, LA SPECIALTY 20LB/CS #1330",CS,43.68,0
67,10008571,13,"AVOCADO, HASS 2 LAYER LA SPECIALTY 45CT/AVG/CS #13",CS,43.42,0
70,10008594,1283,"PERSIMMON, FUYU 8LB/CS FUYU ORGANIC FARMLA SPECIALTY #1283",CS,36.56,0
71,10008614,950,"BEAN, GREEN BLUE LAKE CLEANED 5LB/BAG LA SPECIALTY #950",BG,10.81,0
72,10008617,4797,"BEAN, HARICOT VERT CLEAN/TRIM 5/2LB/CS LA SPECIALTY #4797",CS,21.97,0
73,10008618,99436,"BEAN, HARICOT VERT LA SPECIALTY 2LB/PACK #99436",PK,5.79,0
81,10009406,4909,"CELERY, ROOT HOLLAND LA SPECIALTY 10LB/CS #4909",CS,28.6,0
82,10009500,11083,"MICRO FLOWER, EDIBLE MARIGOLD LAS 4OZ/PKG #11083",PK,21.46,0
83,10008628,99518,"PEAS, SHOOTS TENDRIL DAUMEO LA SPECIALTY 1LB/CS #99518",CS,11.56,0
85,10008630,99979,"BEAN, SEA LA SPECIALTY 1LB/CS #99979",CS,9.79,0
86,10008632,68,"BEAN, BLUE LAKE #68 30LB/CS",CS,42.23,0
87,10008633,9551,"BEAN, BLUE LAKE LA SPECIALTY 5LB/CS #9551",CS,7.3,0
90,10008648,138,"CABBAGE, SAVOY LA SPECIALTY 18CT/CS #138",CS,40.04,0
92,10008659,9563,"CABBAGE, GREEN LA SPECIALTY 3/PKG #9563",PK,5.15,0
93,10008660,9565,"CABBAGE, RED LA SPECIALTY 3 EA/CS #9565",CS,4.57,0
94,10008661,9564,"CABBAGE, NAPA LA SPECIALTY 3EA/CS #9564",CS,9.5,0
99,10008700,259,"EGGPLANT, CHINESE LA SPECIALTY 10LB/CS #259",CS,30.21,0
101,10008732,21716,"SPINACH, BLOOMSDALE LA SPECIALTY 4LB/CS COUNTY LINE/COKE FARM/HEIRLOOM ORGANICS #8626",CS,28.71,0
102,10008734,274,"ENDIVE, BELGIUM CALIFORNIA 10LB/CS CALA SPECIALTY #274",CS,38.59,0
103,10008736,12866,"KALE, TUSCAN BLACK ORGANIC BABE FARMS 24CT/CS LA SPECIALTY #12866",CS,28.42,0
106,10008741,5071,"GREENS, CHARD RAINBOW LA SPECIALTY 12CT/CS #5071",CS,26.56,0
110,10008744,3279,"GREENS, TUSCAN KALE LA SPECIALTY 12CT/CS #3279",CS,19.36,0
111,10008748,14872,"KALE, BABY MIXED ORGANIC LA SPECIALTY 3LB/CS #14872",CS,15.14,0
113,10008752,12736,"CRESS, UPLAND HYDRO LIVING LA SPECIALTY 12CT/CS #12736",CS,22.99,0
114,10008753,340,"KALE, GREEN LA SPECIALTY 24CT/CS #340",CS,18.75,0
115,10008754,730,"WATERCRESS, FRESH LA SPECIALTY 12CT/CS #730",CS,24.58,0
117,10008756,15114,"GREENS, MIZUNA BABY LA SPECIALTY 4LB/CS #1495",CS,20.83,0
119,10008760,19347,"WATERCRESS, BABY CLEANED LA SPECIALTY 1.5LB/CS #19347",CS,17.29,0
120,10008762,18023,"KALE, BABY MIXED LA SPECIALTY 3LB/CS #18023",CS,14.98,0
122,10008839,6486,"LETTUCE, PETITE MIX SEASONAL LA SPECIALTY 4OZ/PK #6486",PK,15.45,0
123,10008840,3765,"LETTUCE, BABY MIX NO FRIZEE LA SPECIALTY 3LB/CS #354",CS,14.58,0
124,10008841,3184,"LETTUCE, BOSTON LIVING LA SPECIALTY 12CT/CS #3184",CS,23.63,0
126,10008848,14098,"LETTUCE, PETITE RED FRILL 4OZ/PACK LA SPECIALTY #14098",PK,15.45,0
129,10008898,5537,"MUSHROOM, SHIMEJI BROWN LA SPECIALTY 12/4OZ/CS #5537",CS,26.11,0
130,10008910,9072,"MUSHROOM, MAITAKE LA SPECIALTY 5LB/CS #9072",POUNDS - DRY WEIGHT,36.4,0
131,10008919,4487,"MUSHROOM, CHEF MIX LA SPECIALTY 6LB/CS #4487",POUNDS - DRY WEIGHT,44.79,0
133,10008940,12906,"MUSHROOM, HEN OF WOOD MAITAKE 24/3.5OZ/CS LA SPECIALTY #12906",CS,59.38,0
134,10008949,401,"MUSHROOM, OYSTER LA SPECIALTY 5LB/CS #401",CS,27.6,0
135,10008950,404,"MUSHROOM, SHITAKE #2 LA SPECIALTY 5LB/CS #404",CS,32.81,0
136,10009005,10018,"ONION, GREEN LA SPECIALTY 6/BUN",Bunch,3.91,0
141,10009079,15811,"PEPPER, SWEET MINI VINE LA SPECIALTY 12LB/CS #15811",CS,38.59,0
142,10009080,503,"PEPPER, BELL GREEN #2 LA SPECIALTY 25LB/CS #503",CS,24.52,0
144,10009179,582,"RADISH, EASTER EGG BABE FARMS 24CT/CS LA SPECIALTY #582",CS,30.27,0
145,10009183,10035,"DAIKON, LA SPECIALTY 5LB/CS #10035",CS,7.71,0
146,10009192,10036,"RADISH, LOOSE LA SPECIALTY 5LB/CS #10036",CS,9.15,0
147,10009196,55582,"RADISH, EASTER EGG LA SPECIALTY 3BUN/CS #55582",CS,6.99,0
148,10009197,55579,"RADISH, FRENCH BREAKFAST LA SPECIALTY 3BUN/CS #55579",CS,7.25,0
149,10009198,13381,"RADISH, WATERMELON LA SPECIALTY LB",POUNDS - DRY WEIGHT,5.52,0
150,10009199,0,"RADISH, BLACK LA SPECIALTY 5LB/CS #17156",CS,,0
151,10009200,13373,"RADISH, WATERMELON LA SPECIALTY 10LB/CS #13373",CS,22.4,0
152,10009201,18988,"RADISH, PURPLE NINJA LA SPECIALTY 12BUN/CS #18988",CS,25,0
154,10009238,99654,"SQUASH, BUTTERNUT LA SPECIALTY 5LB/CS #99654",CS,9.27,0
157,10009243,92377,"SQUASH, YELLOW STRAIGHT MEDIUM LA SPECIALTY 5LB #92377",CS,7.44,0
158,10009244,10042,"SQUASH, ZUCCHINI GREEN MEDIUM LA SPECIALTY 5LB #10042",CS,9.14,0
162,10009248,99665,"SQUASH, ZUCCHINI GREEN FANCY LA SPECIALTY 5LB/CS #99665",CS,7.92,0
163,10009249,2377,"SQUASH, YELLOW STRAIGHTNECK LA SPECIALTY 20LB/CS #2377",CS,20.79,0
164,10009250,654,"SQUASH, BUTTERNUT LA SPECIALTY 30LB/CS #654",CS,29.64,0
166,10009252,5073,"SQUASH, TOYBOX MIX ORGANIC LA SPECIALTY 10LB/CS #5073",CS,32.81,0
168,10009262,656,"SQUASH, DELICATA FRESH LA SPEC 20LB/CS LA SPECIALTY #656",CS,31.72,0
171,10009322,610,"SALSIFY, BELGIUM LA SPECIALTY 10LB/CS #610",CS,38.07,0
173,10009346,10014,"JICAMA, LA SPECIALTY 5LB/CS #10014",CS,7.64,0
175,10009348,690,"TOMATILLO, FRESH LA SPECIALTY 10LB/CS #690",CS,14.15,0
177,10009350,345,"KOHLRABI, GREEN LA SPECIALTY 12CT/CS #345",CS,31.77,0
178,10009350,345,"KOHLRABI, GREEN LA SPECIALTY 12CT/CS #345",CS,31.77,0
179,10009380,480,"PARSNIP, LOOSE LA SPECIALTY 20LB/CS BABE FARMS/WEISER FAMILY FARMS #480",POUNDS - DRY WEIGHT,42.81,0
180,10009386,558,"RADICCHIO, MARCHINI FARMS 12CT/CS LA SPECIALTY #558",CS,17.9,0
181,10009387,110,"BRUSSEL SPROUTS, OCEAN MIST 25LB/CS LA SPECIALTY #110",CS,32.4,0
183,10009394,15196,"CELERY, ORGANIC LA SPECIALTY 30/CS #15196",CS,78.11,0
184,10009397,99480,"PARSNIP, LA SPECIALTY 5LB/CS #99480",CS,13.39,0
185,10009404,5979,"CARROT, TRICOLOR BABY PEELED LA SPECIALTY 5LB/CS #5979",CS,27.67,0
186,10009407,9569,"CELERY, ROOT LA SPECIALTY 3EA/PACK #9569",PK,7.29,0
191,10009418,9562,"BRUSSEL SPROUTS, FRESH LA SPECIALTY 3LB/CS #9562",CS,9.47,0
192,10009419,13323,"BRUSSEL SPROUTS, SMALL LA SPECIALTY 25LB/CS #13323",CS,30.83,0
194,10009424,10039,"SPROUT, DAIKON KAIWARE LA SPECIALTY 3/20Z/CS #10039",CS,8.85,0
195,10009433,77558,"RADICCHIO, LA SPECIALTY 3EA/CS #77558",CS,7.02,0
196,10009434,16574,"RUTABAGA, FRESH LA SPECIALTY 5LB/CS #16574",CS,9.82,0
197,10009435,9566,"CARROT, JUMBO LA SPECIALTY 5LB/CS #9566",CS,4.54,0
198,10009444,142,"CARROT, JUMBO LA SPECIALTY 25LB/CS #142",CS,15.92,0
200,10009447,9555,"BEET, GOLD LOOSE LA SPECIALTY 5LB/CS #9555",CS,8.44,0
201,10009449,30,"ARTICHOKE, LA SPECIALTY 18CT/CS #30",CS,29.12,0
202,10009450,55,"ASPARAGUS, MEDIUM PREMIUM LA SPECIALTY 11LB/CS #5016",CS,25.45,0
205,10009457,1671,"RADICCHIO, WHITE CASTLEFRANCO LA SPEC 12CT/CS LA SPECIALTY #1671",CS,29.17,0
207,10009459,56,"ASPARAGUS, JUMBO PREMIUM LA SPECIALTY 11LB/CS #5019",CS,33.91,0
210,10009462,2230,"FLOWER, EDIBLE VIOLAS LA SPECIALTY 50CT/TRAY #2230",TY,15.45,0
212,10009464,3992,"ARTICHOKE, LA SPECIALTY 12CT/CS #3992",CS,28.97,0
215,10009468,18699,"FLOWER, EDIBLE BLUE BORAGE BLOSSOM 100CT/PKG LA SPECIALTY #18699",PK,20.94,0
216,10009468,18699,"FLOWER, EDIBLE BLUE BORAGE BLOSSOM 100CT/PKG LA SPECIALTY #18699",PK,20.94,0
222,10009596,351,"LEEK, BABY FAUROT RANCH 12CT/CS LA SPECIALTY #351",CS,29.69,0
223,10009612,8202,"SPINACH, BABY ORGANIC LA SPECIALTY 4LB/CS #8202",CS,14.66,0
224,10009616,1799,"CARROT, BABY RAINBOW LA SPECIALTY 24CT/CS #1799",CS,29.17,0
225,10009627,4987,"LETTUCE, ICEBERG BABY HEARTS 40CT/CS LA SPECIALTY #4987",CS,31.77,0
226,10009628,385,"LETTUCE, BABY LOLA ROSA LA SPECIALTY 24CT/CS #385",CS,14.68,0
227,10009632,372,"LETTUCE, BABY OAK RED LA SPECIALTY 24CT/CS #372",CS,16.2,0
228,10009638,722,"TURNIP, BABY LA SPECIALTY 24CT/CS #722",CS,30.73,0
229,10009639,375,"LETTUCE, BABY ROMAINE RED LA SPECIALTY 24CT/CS #375",CS,16.2,0
230,10009641,94,"BEET, BABY CANDY STRIPE LA SPECIALTY 24CT/CS #94",CS,29.17,0
232,10009643,667,"SQUASH, BABY ZUCCHINI LA SPECIALTY 10LB/CS #667",CS,26,0
233,10009644,8965,"SPINACH, SAVOY LA SPECIALTY 4/2.5LB/CS LA SPECIALTY #8965",CS,18.84,0
234,10009645,33,"ARTICHOKE, BABY LA SPECIALTY 20LB/AVG/CS LA SPECIALTY #33",CS,44.2,0
239,10009650,370,"LETTUCE, BABY WHOLE MIX LA SPECIALTY 3LB/CS #370",CS,19.79,0
240,10009651,55722,"TURNIP, BABY LA SPECIALTY 3BUN/CS #55722",CS,6.86,0
241,10009652,101,"BOK CHOY, BABY LA SPECIALTY 10LB/CS #101",CS,12.82,0
242,10009653,358,"LETTUCE, BABY TATSOI LA SPECIALTY 4LB/CS #358",CS,,0
244,10009655,55592,"BEET, BABY GOLD LA SPECIALTY 3 BUNCH/CS #55592",CS,6.67,0
249,10009659,632,"SPINACH, BABY LA SPECIALTY 4LB/CS #632",CS,12.57,0
251,10009661,90,"BEET, RED LOOSE LA SPECAILTY 25LB/CS #90",CS,20.72,0
255,10009665,33,"ARTICHOKE, BABY SORTED LA SPECIALTY 20LB/CS #813",CS,44.2,0
256,10009665,33,"ARTICHOKE, BABY SORTED LA SPECIALTY 20LB/CS #813",CS,44.2,0
257,10009705,6107,"MICRO GREENS, BASIL LA SPECIALTY 4OZ/PKG #6107",PK,15.45,0
259,10009715,5020,"MICRO GREENS, CELERY LA SPECIALTY 4OZ/PACK #5020",PK,15.45,0
260,10009721,3429,"MICRO GREENS, CILANTRO LA SPECIALTY 4OZ/PKG #3429",PK,17.32,0
261,10009724,6460,"MICRO GREENS, PARSLEY ITALIAN 4OZ/PKG #6460",PK,18.8,0
262,10009725,4309,"MICRO GREENS, SHISO MIX LA SPECIALTY 4OZ/PKG #4309",PK,15.45,0
263,10009726,4623,"MICRO GREENS, PETITE HEARTS ON FIRE 4OZ/PKG LA SPECIALTY #4623",PK,18.18,0
264,10009731,6793,"MICRO GREENS, MINT LAVENDER LA SPCLTY 4OZ/PACK LA SPECIALTY #6793",PK,18.28,0
265,10009732,3083,"MICRO GREENS, BULLS BLOOD LA SPECIALTY 4OZ/PKG #3083",PK,15.45,0
266,10009737,7549,"MICRO GREENS, PEA TENDRILS PETITE 4OZ/PKG LA SPECIALTY #7549",PK,15.45,0
267,10009738,14097,"MICRO GREENS, PETITE SEA GRASS LA SPCLTY 4OZ/PKG LA SPECIALTY #14097",PK,15.45,0
268,10009741,3088,"MICRO GREENS, RAINBOW LA SPECIALTY 4OZ/PKG #3088",PK,19.69,0
269,10009743,3089,"MICRO GREENS, ARUGULA LA SPECIALTY 4OZ/PACK #11688",PK,15.45,0
270,10009744,5550,"MICRO GREENS, ASIAN MIX LA SPECIALTY 4OZ/PACK #5550",PK,15.45,0
272,10009748,16289,"MICRO GREENS, WATERCRESS PURPLE 4OZ/PKG LA SPECIALTY #16289",PK,15.45,0
273,10009749,10899,"MICRO GREENS, NASTURTIUM LEAF 4OZ/PKG LA SPECIALTY #10899",PK,15.45,0
274,10009750,8121,"MICRO GREENS, BASIL THAI LA SPECIALTY 4OZ/PKG #8121",PK,15.45,0
275,10009776,6950,"MICRO GREENS, FENNEL LA SPECIALTY 4OZ/PKG #6950",PK,15.45,0
276,10009777,6424,"MICRO GREENS, CHEFS BLEND LA SPECIALTY 4OZ/PKG #6424",PK,15.45,0
277,10009778,3428,"MICRO GREENS, CHERVIL LA SPECIALTY 4OZ/PKG #3428",PK,17.32,0
278,10009779,6461,"MICRO GREENS, SHISO RED LA SPECIALTY 4OZ/PKG #6461",PK,18.91,0
279,10009780,10162,"MICRO GREENS, MIXED FINE HERBS LA SPEC 4OZ/PKG LA SPECIALTY #10162",PK,18.91,0
280,10009781,4624,"MICRO GREENS, ARUGULA PETITE SYLVETTA LA 4OZ/PKG LA SPECIALTY #4624",PK,14.88,0
285,10009865,1177,"PARSLEY, MITSUBA JAPANESE LA SPECIALTY BUN",Bunch,8.07,0
287,10009917,9596,"PARSLEY, CURLEY LA SPECIALTY 6BUN/CS #9596",CS,5.04,0
288,10009922,9588,"GARLIC, WHOLE LA SPECIALTY 5LB/CS #9588",CS,15.29,0
290,10009926,901,THYME LEMON LA SPECIALTY 1LB/BAG #901,BG,14.58,0
291,10009927,828,"LAVENDER, FRESH LA SPECIALTY 1LB/BAG #828",BG,15.45,0
292,10009928,6463,"MICRO GREENS, INTENSITY MIX LA SPECIALTY 4OZ/PKG #6463",PK,17.32,0
294,10009935,11256,"GARLIC, BLACK LA SPECIALTY 1LB/CS #11256",CS,30.63,0
295,10009944,6555,"TUMERIC, ROOT FRESH LA SPECIALTY 1LB/CS #6555",CS,7.44,0
297,10010134,6543,"PEAS, ENGLISH SHELLED LA SPECIALTY 5LB/CS #6543",CS,87.21,0
298,10010141,6341,"POTATO, YAM RED GARNET WHOLE PEELED 20LB/CS #6341",CS,54.69,0
299,10010236,579,"RADISH, BREAKFAST FRENCH LA SPECIALTY 24CT/CS #579",CS,33.85,0
300,10010237,245,"GREENS, DANDELION LA SPECIALTY 12BUNCH/PACK #245",PK,25,0
301,10010238,99955,"ASPARAGUS, MEDIUM 1/2 CRATE LA SPECIALTY 5LB/CS #99955",CS,12.42,0
302,10010256,3136,"BROCCOLINI, LA SPECIALTY 18CT/CS #3136",CS,29.79,0
303,10010261,10347,"CAULIFLOWER, FLORETTES LA SPECIALTY 4/3LB/CS #10347",CS,27.82,0
304,10010262,811,"SPINACH, CELLO LA SPECIALTY 4/2.5LB/CS #811",CS,17.18,0
306,10010373,136,"CABBAGE, RED SHREDDED 1/8"" 5LB/BAG LA SPECIALTY #136",BG,8.98,0
309,10010569,1474,"HEARTS OF PALM, FRESH WHOLE LA SPECIALTY 1LB/CS #1474",CS,15.45,0
310,10010628,21260,"POTATO, KENNEBEC 3/8"" NO SKIN CRYOVAC 4/5LB/CS LA SPECIALTY #21260",CS,40.94,0
313,10015737,1744,"JUICE, APPLE CIDER ZIEGLERS GAL LA SPECIALTY #18507",GALLONS,12.97,0
324,10045558,25278,"TOMATO, HEIRLOOM BABY MIX LA SPECIALTY 12/1PT/CS LA SPEC #25278",CS,25.48,0
