BPA Number,BPA Description,Supplier,Supplier Site,Start Date,End date,BPA Frequency
Z/MIKUW1/MASTER-1,CP FB MIKUNI LV W,MIKUNI WILD HARVEST INC,MAIN,6/19/2023,6/25/2023,Weekly
Line Number,Item Number,Supplier Item,Item Description,UOM,Price,Agreement Qty
1,10003680,,"FENNEL, POLLEN ORGANIC MIKUNI 1OZ/TIN POLLEN RANCH #31827",Tin,16.95,0
2,10006725,,"OIL, TRUFFLE WHITE NOBLE MIKUNI 5LTR/EA NOBLE #NTW5-LV",Each,140,0
3,10008904,,"TRUFFLE, BLACK FRESH LB",POUNDS - DRY WEIGHT,265,0
4,10008935,,"TRUFFLE, BLACK SEASONAL FRESH 1LB/EA",POUNDS - DRY WEIGHT,265,0
5,10008936,,"MUSHROOM, MOREL FRESH FOODS IN SEASON 6LB/CS #VFRMOREL",POUNDS - DRY WEIGHT,23.95,0
6,10008941,,"MUSHROOM, CHEF MIX MIKUNI 5LB/CS MAITAKE/FRENCH HORNS/BROWN AND WHITE BEECH #250B-LV",CS,35.5,0
7,10008944,,"MUSHROOM, MAITAKE ORGANIC MIKUNI 24/3.5OZ/CS #275C-LV",CS,61.5,0
8,10008945,,"MUSHROOM, CHANTERELLE YELLOW FOOT FRSH MIKUNI LB FRESH #110-LV",POUNDS - DRY WEIGHT,28.95,0
9,10008948,,"MUSHROOM, BROWN HONSHIMEJI ORGANIC 6LB/CS #266C-LV",CS,54,0
10,10008951,,"MUSHROOM, GOURMET BLEND MIKUNI 5LB/CS SHITAKE BABY FRENCH HORNS WHITE AND BROWN HONSHIMEJI #250SCB-LV",POUNDS - DRY WEIGHT,9.75,0
11,10008956,,"MUSHROOM, CHEF MIX PRE-CUT AUREOLE FRESH 5LB/CS BROWN/WHITE HONJI/MAITAKE/BABY SHIITAKE FRENCH HORN MIKUNI #250SCBC-LV",CS,53.75,0
12,10008961,,"MUSHROOM, WHITE/BROWN FRENCH HORN DELLAS 5LB/CS DELLAS CUT MIKUNI #250SCBD-LV",POUNDS - DRY WEIGHT,9.75,0
13,10009821,,"MICRO GREEN, SORREL CLAMSHELL MIKUNI 4OZ/PKG MIKUNI #848-LV",PK,14.25,0
