﻿BPA Number,BPA Description,Supplier,Supplier Site,Start Date,End date,BPA Frequency
Z/BFDWK1/MASTER-1,CP FB BAILY FOOD LV W,BAILY FOOD NEVADA LLC,MAIN,9/19/2023,6/25/2023,Weekly
Line Number,Item Number,Supplier Item,Item Description,UOM,Price,Agreement Qty
79,10008558,,"PAPAYA, THAI GREEN FRESH WHOLE 3OLB/CS",CS,36,0
80,10008558,,"PAPAYA, THAI GREEN FRESH WHOLE 3OLB/CS",CS,36,0
82,10008626,,"BEAN, GREEN ASIAN 30LB/CS",CS,65,0
83,10008626,,"BEAN, GREEN ASIAN 30LB/CS",CS,65,0
84,10008695,,"EGGPLANT, CHINESE ASIAN 30LB/CS",CS,59,0
85,10008749,,"BOK CHOY, WHOLE ASIAN 30LB/CS",CS,38,0
86,10009178,,"DAIKON, WHITE CHINESE 40LB/CS",CS,36,0
87,10009178,,"DAIKON, WHITE CHINESE 40LB/CS",CS,36,0
88,10009185,,"DAIKON, GREEN FLORIDA UNIFORM SIZE 20LB/CS",POUNDS - DRY WEIGHT,2,0
89,10009321,,"BROCCOLI, CHINESE ASIAN 30LB/CS",CS,58,0
90,10009326,,"ROOT, LOTUS 20LB/CS",CS,50,0
91,10009335,,"ROOT, LOTUS 30LB/CS",CS,70,0
92,10009341,,"CHOY SUM, SELECT ASIAN 30LB/CS",CS,48,0
94,10009700,,"CHOY, BABY CHING KONG CHOY FRESH WHOLE 20LB/CS",CS,38,0
95,10009700,,"CHOY, BABY CHING KONG CHOY FRESH WHOLE 20LB/CS",CS,38,0
96,10009902,,"GARLIC, BULB LARGE CHRISTOPHER RANCH 10LB/CS",CS,14,0
97,10009916,,"LEAVES, CURRY 12/CS",CS,79,0
98,10009916,,"LEAVES, CURRY 12/CS",CS,79,0
99,10010158,,"SPROUT, BEAN CLEANED 5LB/BAG",BG,6.5,0
100,10010182,,"TARO, PEELED 1LB/PKG",PK,4,0
101,10010182,,"TARO, PEELED 1LB/PKG",PK,4,0
102,10010357,,"VEGETABLE, SOYBEAN SPROUT YELLOW 10LB/BAG LOS ANGELES CALCO INC. #57981",BG,21,0
103,10010357,,"VEGETABLE, SOYBEAN SPROUT YELLOW 10LB/BAG LOS ANGELES CALCO INC. #57981",BG,21,0
104,10045622,,"FISH, CHILEAN FILLET FROZEN S/OFF 50/8OZ/CS SKIN OFF BONELESS BAILY #",POUNDS - DRY WEIGHT,33.5,0
105,10045622,,"FISH, CHILEAN FILLET FROZEN S/OFF 50/8OZ/CS SKIN OFF BONELESS BAILY #",POUNDS - DRY WEIGHT,33.5,0
109,10011377,,"SCALLOP, PREMIER CENTURION 10/20 IQF 6/5LB/CS FROZEN",POUNDS - DRY WEIGHT,18.99,0
110,10011377,,"SCALLOP, PREMIER CENTURION 10/20 IQF 6/5LB/CS FROZEN",POUNDS - DRY WEIGHT,18.99,0
