BPA Number,BPA Description,Supplier,Supplier Site,Start Date,End date,BPA Frequency
Z/SHTKW1/MASTER-1,CP FB SHETAKIS LV W,SHETAKIS WHOLESALERS,MAIN,06/11/2023,06/17/2023,Weekly
Line Number,Item Number,Supplier Item,Item Description,UOM,Price,Agreement Qty
6,10000379,482402,"YOGURT, PLAIN WHOLE MILK KAROUN 32LB/TUB #10032",Tub,37.49,1
10,10000430,602515,"CHEESE, PROVOLONE SALAME SHARP 2/11LB/AVG/CS BELGIOIOSO #29762",POUNDS - DRY WEIGHT,4.67,1
13,10000462,602049,"CHEESE, PARMESAN SHRD BELGIOIOSO 4/5LB/CS #602501 SHREDDED",POUNDS - DRY WEIGHT,5.07,1
15,10000471,602043,"CHEESE, PARMESAN SHRD 4/5LB/CS SHREDDED",POUNDS - DRY WEIGHT,8.52,1
17,10000496,602775,"CHEESE, BLUE BUTTERMILK ROTH 6LB/WHL EMMI ROTH #1910",POUNDS - DRY WEIGHT,7.49,1
18,10000498,602046,"CHEESE, FONTINA SHREDDED REGULAR 4/5LB/CS BELGIOIOSO #72300",POUNDS - DRY WEIGHT,4.62,1
20,10000500,602635,"CHEESE, PARMESAN SHRD LAKEVIEW FARMS 6/5LB/CS SHREDDED #605344",POUNDS - DRY WEIGHT,3.6,1
21,10000511,602919,"CHEESE, FONTINA DOMESTIC SWEEDISH STYLE 10LB/WHL EMMI ROTH #3301",POUNDS - DRY WEIGHT,5.95,1
22,10000524,602181,"CHEESE, MOZZARELLA FRESH LOGS IN WATER 6/1LB/CS GALBANI #5006428",CS,,1
23,10000525,602786,"CHEESE, ROMANO GRATED BELLA GENTO 4/5LB/CS #183350",CS,74,1
24,10000529,602150,"CHEESE, BRIE PRESIDENT 2/2LB/CS #2000143",CS,20.76,1
27,10000563,602158,"CHEESE, CHEDDAR WHITE SHARP VERMONT LOAF 10LB/CS ABBEY #50134",POUNDS - DRY WEIGHT,3.19,1
29,10000569,602884,"CHEESE, PROVOLONE .75OZ SLICE GOSSNER 10/1LB/CS #8047501",POUNDS - DRY WEIGHT,3.06,1
30,10000572,602033,"CHEESE, CHEDDAR WHITE AGED SLC EMMI 4/2.5LB/CS SLICED EMMI ROTH #5580",POUNDS - DRY WEIGHT,4.2,1
31,10000573,602471,"CHEESE, PROVOLONE LOAF LAKEVIEW 3/12LB/CS #410312",POUNDS - DRY WEIGHT,2.38,1
33,10000578,602677,"CHEESE, MOZZARELLA DICED GALBANI 6/5LB/CS 1/8"" X 1/8""X1/8"" SQUARE CUBE SORRENTO LACTALIS GALBANI #160645",POUNDS - DRY WEIGHT,2.47,1
34,10000578,602677,"CHEESE, MOZZARELLA DICED GALBANI 6/5LB/CS 1/8"" X 1/8""X1/8"" SQUARE CUBE SORRENTO LACTALIS GALBANI #160645",POUNDS - DRY WEIGHT,2.47,1
36,10045071,602641,"CHEESE, SIGNATURE BOARD KIT ROTH 1101 5/2.5LB/CS ROTH #602641",POUNDS - DRY WEIGHT,8.32,1
37,10045072,602643,"CHEESE, CLASSIC BOARD KIT ROTH 21415 5/2.5LB/CS ROTH #602643",POUNDS - DRY WEIGHT,9.16,1
38,10000682,602197,"CHEESE, ASIAGO 12LB/WHL",POUNDS - DRY WEIGHT,4.64,1
39,10000684,602224,"CHEESE, GOUDA SMOKED 4/6LB/CS",POUNDS - DRY WEIGHT,4.72,1
40,10000690,602003,"CHEESE, PARMIGIANO REGGIANO 11LB/AVG/WHL",POUNDS - DRY WEIGHT,9.12,1
41,10000696,602231,"CHEESE, BRIE 12/4.5OZ/CS",CS,41.49,1
42,10000698,602224,"CHEESE, GOUDA SMOKED CPK 4/6LB/CS",POUNDS - DRY WEIGHT,4.72,1
43,10000700,602171,"CHEESE, HAVARTI LOAF 9LB/AVG/CS PLUMROSE BRAND UNACCEPABLE",POUNDS - DRY WEIGHT,3.22,1
45,10000702,602005,"CHEESE, SWISS GRUYERE 2/6LB/AVG/CS",POUNDS - DRY WEIGHT,10.86,1
46,10000713,602914,"CHEESE, GOUDA SMOKED VAN GOGH LOAF 2/6LB/CS PROCESSED EMMI ROTH #3085",POUNDS - DRY WEIGHT,5.8,1
47,10000714,602043,"CHEESE, GRAND CRU KING CUTS 2/6LB/CS EMMI ROTH #2461",POUNDS - DRY WEIGHT,8.52,1
48,10000715,,"CHEESE, LE GRUYERE KING CUT EMMI 2/5LB/CS EMMI ROTH #33375",POUNDS - DRY WEIGHT,,1
50,10000718,602228,"CHEESE, FONTINA DANISH 10-15/LB/CS",POUNDS - DRY WEIGHT,7.66,1
51,10000721,602264,"CHEESE, TETE DE MOINE 4/2LB/CS EMMI ROTH #33790",POUNDS - DRY WEIGHT,15.61,1
52,10000722,602602,"CHEESE, HUMBOLDT FOG GRANDE CYPRESS GROVE 5LB/CS EMMI ROTH #35335",POUNDS - DRY WEIGHT,16.22,1
53,10000725,602067,"CHEESE, TRUFFLE TREMOR CYPRESS GROVE 3LB/CS EMMI ROTH #32344",POUNDS - DRY WEIGHT,17.71,1
55,10000727,602678,"CHEESE, BLEU STILTON 6-8LB/AVG/WHL",POUNDS - DRY WEIGHT,10.38,1
56,10000733,602420,"CHEESE, GOAT DRUNKEN 6LB/AVG/WHL",POUNDS - DRY WEIGHT,11.78,1
57,10000740,602920,"CHEESE, FONTINA ITALIAN MEZZALUNA ROTH 10LB/CS EMMI ROTH #1107",POUNDS - DRY WEIGHT,7.4,1
58,10000742,602923,"CHEESE, MIDNIGHT MOON CYPRESS GROVE 9LB/CS EMMI ROTH #33596",POUNDS - DRY WEIGHT,,1
60,10000745,602204,"CHEESE, PARMESAN GRANA PADANO 75LB/AVG/WHL ZANETTI #1UC105303B",POUNDS - DRY WEIGHT,7.2,1
61,10000747,602522,"CHEESE, HUMBOLDT FOG CYPRESS GROVE 4/16OZ/CS GRANDE EMMI ROTH #35408",POUNDS - DRY WEIGHT,16.57,1
62,10000749,602205,"CHEESE, PARMESAN GRANA PADANO 20LB/WHL",POUNDS - DRY WEIGHT,7.32,1
66,10000763,602088,"CHEESE, CHEDDAR WHITE TWO YEAR 2/5LB/CS IMPORTED BLACK WAX BLACK DIAMOND #120250",CS,72.8,1
67,10000770,602003,"CHEESE, PARMIGIANO REGGIANO 18LB AVG/EA 1/4 WHEEL",POUNDS - DRY WEIGHT,9.12,1
68,10000774,602346,"CHEESE, GORGONZOLA CRUMBS STELLA 5LB/TUB",Tub,19.85,1
70,10000776,602260,"CHEESE, GRUYERE SHRD 4/5LB/CS SHREDDED",POUNDS - DRY WEIGHT,10.03,1
71,10000785,602163,"CHEESE, BEL MINI BABY 72/.75OZ/CS",CS,38.09,1
72,10000787,602224,"CHEESE, GOUDA SMOKED LINK 6LB/CS",POUNDS - DRY WEIGHT,4.72,1
79,10000938,071728,"MARGARINE, SOLID 30/1LB/CS",POUNDS - DRY WEIGHT,1.08,1
84,10001054,081061,"RICE, WILD PREMIUM DRY ROASTED CHIEFTAN 5/5LB/CS #SHPREM-25",CS,,1
86,10001407,103126,"SNACK, BAR DARK CHOCOLATE ALMOND 12/1.76OZ/CS ORGANIC TO GO AT LEAST 95% ORGANIC NUGO 691535-4",CS,,1
87,10001408,103128,"SNACK, BAR DARK DBL CHOCOLATE 12/1.76OZ/CS DOUBLE TO GO AT LEAST 95% ORGANIC NUGO 691535-481015",CS,,1
115,10002397,300868,"BEAN, BLACK ALLEN 6/#10/CS #32213",CS,27.22,1
231,10007690,888168,"APPETIZER MINI PLANTAIN TARTS 2"" 144/CS KABOBS #K0921",CS,46.26,1
236,10008141,103047,"BREAD, WHITE GLUTEN FREE FROZEN SLICED 8/12OZ/CS UDI #72054",CS,44.49,1
242,10012167,949008,"PORK, NECK BONE 30LB/AVG/CS",POUNDS - DRY WEIGHT,1.18,1
249,10012773,849121,"TURKEY, HOT DOG 6-3/4"" 4-1 COOKED FROZEN 10LB/CS HOFFY #1246",POUNDS - DRY WEIGHT,2.94,1
287,10016119,011383,"MIX, PROTEIN POWDER WHEY 1LB/EA",Each,34.67,1
288,10016501,170827,"JUICE, CLAMATO MOTTS 24/6OZ/CS",CS,15.54,1
289,10016501,170827,"JUICE, CLAMATO MOTTS 24/6OZ/CS",CS,15.54,1
