﻿BPA Number,BPA Description,Supplier,Supplier Site,Start Date,End date,BPA Frequency
Z/LASPW2/MASTER-1,CP FB LA SPECIALTY 2 LV W,LA SPECIALTY PRODUCE CO INC DBA VESTA FOODSERVICE,MAIN,6/11/2023,6/17/2023,Weekly
Line Number,Item Number,Supplier Item,Item Description,UOM,Price,Agreement Qty
1,10000068,12285,"CREAM, CREMA FRESCA MEXICANA 12/15OZ/CS",CS,58.52,0
2,10000116,20175,"MILK, OAT BARISTA OATLY 12/32OZ/CS OATLY #64001",CS,35.8,0
5,10000366,12132,"YOGURT, GREEK NON FAT FAGE 6/35OZ/CS #9301",CS,44.6,0
6,10000434,19352,"CHEESE, BLUE SMOKEY ROGUE CREAMERY 5LB/WHL OREGON",POUNDS - DRY WEIGHT,18.35,0
8,10000521,9172,"CHEESE, BLUE POINT REYES 5LB/WHL #62100",POUNDS - DRY WEIGHT,11.39,0
9,10000687,3762,"CHEESE, BLEU IMPORTED DANISH 3/6LB/CS",POUNDS - DRY WEIGHT,7.05,0
10,10000738,5644,"CHEESE, CHEDDAR WHITE 2YR BLK DIAMOND 10LB/AVG/C CANADA",POUNDS - DRY WEIGHT,8.99,0
11,10000741,3715,"CHEESE, FETA VALBRESO 1LB/PKG #2007257",POUNDS - DRY WEIGHT,18.35,0
12,10000795,12303,"CHEESE, BURRATA ALLA PANNA DI STEFANO 12/2OZ/CS #1002",CS,30.23,0
27,10002321,22480,"KETCHUP, CLASSIC SIR KENSINGTON 4/148OZ/CS ALL NATURAL",CS,103.93,0
39,10003580,192,"SPICE, CHILI CHIPOTLE DRIED 5LB/CS",CS,41.89,0
56,10005376,21950,"FLOUR,WHOLE WHEAT FINE ORGANIC 50LC/CS GIUSTO #3908",CS,45.33,0
62,10006740,19836,"OIL, OLIVE XV PACIFIC COAST COR 5GL/EA CALIFLORNIA OLIVE RANCH 14642",Each,134.76,0
73,10008719,301,"GREENS, FRISEE BABY 2LB/CS",CS,11.41,0
79,10045557,19324,"POTATO, MARBLE GOLD VESTA 1OLB/CS LA SPEC #19324",CS,29.17,0
90,10015725,1715,"JUICE, GRAPEFRUIT FRESH GAL",GALLONS,12.32,0
220,10009561,14868,"FLOWER, EDIBLE CUCUMBER BLOSSOM 40Z/PK VESTA #14808",PK,17.16,0
221,10079346,,"CHEESE, GOAT LAURA CHENELS 2/4LB TUB/CS",CS,,0
222,10079529,20175,"MILK, OAT BARISTA OATLY 12/32OZ/CS OATLY #64001",CS,35.8,0
