﻿BPA Number,BPA Description,Supplier,Supplier Site,Start Date,End date,BPA Frequency
Z/DTSOW1/MASTER-1,CP FB SOCIOS 1 DT W,SOCIOS HOLDINGS INC,MAIN,6/11/2023,6/17/2023,Weekly
Line Number,Item Number,Supplier Item,Item Description,UOM,Price,Agreement Qty
1,10008227,,"DOUGH, TRADITIONAL DANISH SQUARES 84/2.5OZ/CS FRENCH GOURMET #DTSQ",CS,79.95,0
2,10012908,,"CHOCOLATE, DARK CRUNCHY PEARLS NOEL 1KG/TUB NOEL #NOE976",Tub,25,0
3,10012910,,"CHOCOLATE, WHITE CRUNCHY PEARLS NOEL 1KG/TUB NOEL #NOE975",Tub,26,0
4,10012911,,"CHOCOLATE, DISC 2"" HAPPY B-DAY MGM DETROIT 240/C SWEET SWISS #DH810MGMB",CS,125,0
5,10012912,,"CHOCOLATE, DISC 2"" HAPPY ANVRSRY MGM DT 240/CS HAPPY ANNIVERSARY MGM DETROIT SWEET SWISS #DH810MGMA",CS,125,0
6,10013177,,"PASTE, PISTACHIO UNSWEETENED 2.2LB/TUB DGF ROYAL #78570",Tub,112,0
7,10013178,,"PASTE, PISTACHIO GELATECH 2/6.6LB PAIL/CS GELATECH #GE1015",CS,340,0
8,10013179,,"PASTE, PISTACHIO 2.2 LB/TUB DRIEDDOPPLE #DRE22404",Tub,54.95,0
